Date,Time,Fear_Greed_Index,BTC_Price,BTC_Funding_Rate,BTC_Open_Interest,ETH_Price,ETH_Funding_Rate,ETH_Open_Interest,SOL_Price,SOL_Funding_Rate,SOL_Open_Interest
2025-09-21,16:31:05,49,115301.0,,,4470.67,,,236.97,,
2025-09-21,16:41:08,49,115415.0,,,4478.22,,,237.27,,
2025-09-21,16:48:06,49,115444.0,API Blocked,,4475.66,API Blocked,,237.55,API Blocked,
2025-09-21,16:55:19,49,115412.0,,,4472.46,,,237.43,,
2025-09-21,17:00:27,49,115459.0,Check Exchange,,4473.94,Check Exchange,,237.5,Check Exchange,
2025-09-21,22:18:10,45,114424.0,Check Exchange,,4305.61,Check Exchange,,232.2,Check Exchange,
2025-09-22,03:49:07,45,112739.0,Check Exchange,,4203.82,Check Exchange,,222.11,Check Exchange,
2025-09-22,11:42:42,45,112876.0,Check Exchange,,4174.18,Check Exchange,,220.89,Check Exchange,
2025-09-22,22:08:58,43,111727.0,Check Exchange,,4133.45,Check Exchange,,213.24,Check Exchange,
2025-09-23,03:46:39,43,113121.0,Check Exchange,,4213.35,Check Exchange,,220.14,Check Exchange,
2025-09-23,11:42:54,43,112628.0,Check Exchange,,4171.44,Check Exchange,,218.73,Check Exchange,
2025-09-23,22:09:25,44,112203.0,Check Exchange,,4168.12,Check Exchange,,214.22,Check Exchange,
2025-09-24,03:48:50,44,112527.0,Check Exchange,,4175.25,Check Exchange,,210.55,Check Exchange,
2025-09-24,11:45:29,44,113703.0,Check Exchange,,4175.83,Check Exchange,,214.2,Check Exchange,
2025-09-24,22:12:00,44,112777.0,Check Exchange,,4095.55,Check Exchange,,209.38,Check Exchange,
2025-09-25,03:48:03,44,111784.0,Check Exchange,,4011.15,Check Exchange,,204.49,Check Exchange,
2025-09-25,11:44:38,44,111114.0,Check Exchange,,3954.21,Check Exchange,,199.57,Check Exchange,
2025-09-25,22:10:57,28,109449.0,Check Exchange,,3951.56,Check Exchange,,195.93,Check Exchange,
2025-09-26,03:47:27,28,109659.0,Check Exchange,,3942.19,Check Exchange,,196.38,Check Exchange,
2025-09-26,11:42:19,28,109374.0,Check Exchange,,3976.22,Check Exchange,,198.69,Check Exchange,
2025-09-26,22:04:02,33,109481.0,Check Exchange,,4016.88,Check Exchange,,204.04,Check Exchange,
2025-09-27,03:37:17,33,109368.0,Check Exchange,,3995.77,Check Exchange,,201.76,Check Exchange,
2025-09-27,11:41:23,33,109427.0,Check Exchange,,4012.58,Check Exchange,,203.25,Check Exchange,
2025-09-27,22:19:21,37,109524.0,Check Exchange,,4007.4,Check Exchange,,201.85,Check Exchange,
2025-09-28,03:37:18,37,109543.0,Check Exchange,,4003.93,Check Exchange,,201.7,Check Exchange,
2025-09-28,11:40:24,37,110054.0,Check Exchange,,4025.49,Check Exchange,,203.6,Check Exchange,
2025-09-28,22:16:32,50,111643.0,Check Exchange,,4107.53,Check Exchange,,209.33,Check Exchange,
2025-09-29,03:51:05,50,112238.0,Check Exchange,,4129.2,Check Exchange,,209.22,Check Exchange,
2025-09-29,11:32:54,50,113951.0,Check Exchange,,4162.17,Check Exchange,,210.39,Check Exchange,
2025-09-29,22:07:58,50,114528.0,0.0066%,,4203.14,0.0013%,,210.8,-0.0122%,
2025-09-30,03:51:14,50,113540.0,Check Exchange,,4173.95,Check Exchange,,208.13,Check Exchange,
2025-09-30,11:43:06,50,112909.0,Check Exchange,,4105.32,Check Exchange,,204.83,Check Exchange,
2025-09-30,22:33:47,49,114503.0,Check Exchange,,4144.33,Check Exchange,,209.01,Check Exchange,
2025-10-01,03:48:49,49,115767.0,Check Exchange,,4272.46,Check Exchange,,214.43,Check Exchange,
2025-10-01,11:43:11,49,118051.0,Check Exchange,,4336.25,Check Exchange,,220.33,Check Exchange,
2025-10-01,22:08:17,64,118835.0,Check Exchange,,4386.98,Check Exchange,,223.31,Check Exchange,
2025-10-02,03:44:32,64,118653.0,Check Exchange,,4389.69,Check Exchange,,224.33,Check Exchange,
2025-10-02,11:42:52,64,119865.0,Check Exchange,,4437.19,Check Exchange,,227.93,Check Exchange,
2025-10-02,22:05:05,63,120334.0,Check Exchange,,4516.02,Check Exchange,,233.51,Check Exchange,
2025-10-03,03:43:00,63,119886.0,Check Exchange,,4456.37,Check Exchange,,230.07,Check Exchange,
2025-10-03,11:41:35,63,123805.0,Check Exchange,,4583.55,Check Exchange,,236.24,Check Exchange,
2025-10-03,21:59:16,71,121935.0,Check Exchange,,4487.71,Check Exchange,,230.08,Check Exchange,
2025-10-04,03:37:55,71,122392.0,Check Exchange,,4493.95,Check Exchange,,228.94,Check Exchange,
2025-10-04,11:36:42,71,121866.0,Check Exchange,,4462.99,Check Exchange,,225.0,Check Exchange,
2025-10-04,22:17:15,74,123673.0,Check Exchange,,4552.95,Check Exchange,,231.41,Check Exchange,
2025-10-05,03:36:05,74,124640.0,Check Exchange,,4591.5,Check Exchange,,235.58,Check Exchange,
2025-10-05,11:36:16,74,122971.0,Check Exchange,,4534.58,Check Exchange,,230.17,Check Exchange,
2025-10-05,22:12:45,71,124011.0,Check Exchange,,4538.07,Check Exchange,,232.14,Check Exchange,
2025-10-06,03:47:20,71,123717.0,Check Exchange,,4561.97,Check Exchange,,233.45,Check Exchange,
2025-10-06,11:42:50,71,125196.0,Check Exchange,,4678.8,Check Exchange,,235.28,Check Exchange,
2025-10-06,22:06:52,70,124404.0,Check Exchange,,4684.11,Check Exchange,,233.5,Check Exchange,
2025-10-07,03:46:43,70,123859.0,Check Exchange,,4668.15,Check Exchange,,229.88,Check Exchange,
2025-10-07,11:43:25,70,121868.0,Check Exchange,,4517.64,Check Exchange,,224.3,Check Exchange,
2025-10-07,22:07:29,60,121885.0,0.0100%,,4468.97,0.0100%,,221.35,0.0100%,
2025-10-08,03:48:09,60,122805.0,Check Exchange,,4494.4,Check Exchange,,222.41,Check Exchange,
2025-10-08,11:43:42,60,122649.0,Check Exchange,,4462.3,Check Exchange,,221.79,Check Exchange,
2025-10-08,22:09:45,70,121894.0,Check Exchange,,4431.35,Check Exchange,,225.41,Check Exchange,
2025-10-09,03:48:07,70,121367.0,Check Exchange,,4341.27,Check Exchange,,220.44,Check Exchange,
2025-10-09,11:48:06,70,120816.0,Check Exchange,,4301.11,Check Exchange,,219.1,Check Exchange,
2025-10-09,22:10:19,64,121016.0,Check Exchange,,4350.9,Check Exchange,,219.99,Check Exchange,
2025-10-10,03:46:25,64,121304.0,Check Exchange,,4332.01,Check Exchange,,218.66,Check Exchange,
2025-10-10,11:42:08,64,119337.0,Check Exchange,,4134.89,Check Exchange,,212.64,Check Exchange,
2025-10-10,22:01:50,27,113347.0,Check Exchange,,3847.09,Check Exchange,,189.2,Check Exchange,
2025-10-11,03:38:01,27,110947.0,Check Exchange,,3799.94,Check Exchange,,184.76,Check Exchange,
2025-10-11,11:35:18,27,111883.0,Check Exchange,,3830.6,Check Exchange,,183.85,Check Exchange,
2025-10-11,20:39:36,24,110246.0,Check Exchange,,3732.82,Check Exchange,,174.23,Check Exchange,
2025-10-12,03:22:48,24,111695.0,Check Exchange,,3841.6,Check Exchange,,182.72,Check Exchange,
2025-10-12,11:09:05,24,114044.0,Check Exchange,,4090.29,Check Exchange,,193.45,Check Exchange,
2025-10-12,20:42:38,38,115681.0,Check Exchange,,4163.92,Check Exchange,,198.16,Check Exchange,
2025-10-13,03:29:07,38,115241.0,Check Exchange,,4182.55,Check Exchange,,197.37,Check Exchange,
2025-10-13,11:11:10,38,114948.0,Check Exchange,,4155.5,Check Exchange,,196.93,Check Exchange,
2025-10-13,20:28:21,38,114678.0,Check Exchange,,4230.37,Check Exchange,,209.83,Check Exchange,
2025-10-14,03:24:59,38,111821.0,Check Exchange,,3982.46,Check Exchange,,194.42,Check Exchange,
2025-10-14,11:11:11,38,112427.0,Check Exchange,,4066.06,Check Exchange,,200.81,Check Exchange,
2025-10-14,20:39:29,34,112511.0,Check Exchange,,4093.27,Check Exchange,,201.8,Check Exchange,
2025-10-15,03:28:21,34,113069.0,Check Exchange,,4144.74,Check Exchange,,206.94,Check Exchange,
2025-10-15,11:09:47,34,110833.0,Check Exchange,,3976.94,Check Exchange,,197.61,Check Exchange,
2025-10-15,20:38:25,28,110989.0,Check Exchange,,3999.69,Check Exchange,,194.36,Check Exchange,
2025-10-16,03:28:36,28,110632.0,Check Exchange,,3999.12,Check Exchange,,192.94,Check Exchange,
2025-10-16,11:11:44,28,108720.0,Check Exchange,,3907.48,Check Exchange,,187.72,Check Exchange,
2025-10-16,20:37:29,22,108790.0,Check Exchange,,3922.56,Check Exchange,,186.08,Check Exchange,
2025-10-17,03:27:31,22,105278.0,Check Exchange,,3736.63,Check Exchange,,177.06,Check Exchange,
2025-10-17,11:10:50,22,107283.0,Check Exchange,,3831.55,Check Exchange,,183.75,Check Exchange,
2025-10-17,20:25:24,23,107100.0,Check Exchange,,3864.08,Check Exchange,,184.08,Check Exchange,
2025-10-18,03:24:08,23,106913.0,Check Exchange,,3895.87,Check Exchange,,186.96,Check Exchange,
2025-10-18,11:09:25,23,106955.0,Check Exchange,,3873.74,Check Exchange,,184.97,Check Exchange,
2025-10-18,20:48:03,29,106961.0,Check Exchange,,3871.64,Check Exchange,,185.32,Check Exchange,
2025-10-19,03:23:01,29,107046.0,Check Exchange,,3909.75,Check Exchange,,186.45,Check Exchange,
2025-10-19,11:09:06,29,108372.0,Check Exchange,,3974.3,Check Exchange,,190.62,Check Exchange,
2025-10-19,20:45:30,29,108121.0,Check Exchange,,3945.23,Check Exchange,,185.78,Check Exchange,
2025-10-20,03:28:01,29,111109.0,Check Exchange,,4037.86,Check Exchange,,192.67,Check Exchange,
2025-10-20,11:11:03,29,111041.0,Check Exchange,,3978.04,Check Exchange,,189.36,Check Exchange,
2025-10-20,20:40:01,34,110222.0,Check Exchange,,3957.53,Check Exchange,,187.85,Check Exchange,
2025-10-21,03:29:12,34,107816.0,Check Exchange,,3878.33,Check Exchange,,184.37,Check Exchange,
2025-10-21,11:12:10,34,113235.0,Check Exchange,,4074.91,Check Exchange,,196.45,Check Exchange,
2025-10-21,20:43:16,25,108227.0,Check Exchange,,3859.25,Check Exchange,,186.33,Check Exchange,
2025-10-22,03:29:57,25,108323.0,Check Exchange,,3862.19,Check Exchange,,184.63,Check Exchange,
2025-10-22,11:12:00,25,108556.0,Check Exchange,,3848.14,Check Exchange,,184.19,Check Exchange,
2025-10-22,20:39:11,27,108232.0,Check Exchange,,3820.5,Check Exchange,,181.49,Check Exchange,
2025-10-23,03:28:17,27,109725.0,Check Exchange,,3891.93,Check Exchange,,188.12,Check Exchange,
2025-10-23,11:11:17,27,109876.0,Check Exchange,,3873.59,Check Exchange,,190.98,Check Exchange,
2025-10-23,20:27:31,30,110351.0,Check Exchange,,3866.99,Check Exchange,,192.73,Check Exchange,
2025-10-24,03:27:28,30,111006.0,Check Exchange,,3940.74,Check Exchange,,192.52,Check Exchange,
2025-10-24,11:11:13,30,109930.0,Check Exchange,,3877.92,Check Exchange,,189.32,Check Exchange,
2025-10-24,20:36:44,37,111094.0,Check Exchange,,3931.48,Check Exchange,,194.02,Check Exchange,
2025-10-25,03:22:56,37,111587.0,Check Exchange,,3937.79,Check Exchange,,194.48,Check Exchange,
2025-10-25,11:09:25,37,111218.0,Check Exchange,,3930.43,Check Exchange,,191.82,Check Exchange,
2025-10-25,20:44:39,40,111773.0,Check Exchange,,3952.79,Check Exchange,,193.6,Check Exchange,
2025-10-26,03:23:59,40,111791.0,Check Exchange,,3953.36,Check Exchange,,193.87,Check Exchange,
2025-10-26,11:09:37,40,113527.0,Check Exchange,,4065.97,Check Exchange,,198.88,Check Exchange,
2025-10-26,20:48:32,51,115270.0,Check Exchange,,4187.23,Check Exchange,,204.39,Check Exchange,
2025-10-27,03:28:34,51,115333.0,Check Exchange,,4180.22,Check Exchange,,201.35,Check Exchange,
2025-10-27,11:11:49,51,115245.0,Check Exchange,,4191.11,Check Exchange,,201.03,Check Exchange,
2025-10-27,20:38:54,50,114235.0,Check Exchange,,4129.61,Check Exchange,,200.21,Check Exchange,
2025-10-28,03:28:10,50,114374.0,Check Exchange,,4128.59,Check Exchange,,202.52,Check Exchange,
2025-10-28,11:12:03,50,114712.0,Check Exchange,,4106.86,Check Exchange,,198.7,Check Exchange,
2025-10-28,20:45:29,51,112783.0,Check Exchange,,3999.67,Check Exchange,,194.63,Check Exchange,
2025-10-29,03:28:32,51,113345.0,Check Exchange,,4017.75,Check Exchange,,194.79,Check Exchange,
2025-10-29,11:12:08,51,111340.0,Check Exchange,,3935.8,Check Exchange,,196.0,Check Exchange,
2025-10-29,20:44:40,34,110571.0,Check Exchange,,3925.29,Check Exchange,,194.33,Check Exchange,
2025-10-30,03:27:10,34,110870.0,Check Exchange,,3929.42,Check Exchange,,195.14,Check Exchange,
2025-10-30,11:11:57,34,108029.0,Check Exchange,,3788.31,Check Exchange,,185.44,Check Exchange,
2025-10-30,20:41:44,29,109667.0,Check Exchange,,3845.42,Check Exchange,,186.25,Check Exchange,
2025-10-31,03:26:56,29,109524.0,Check Exchange,,3829.68,Check Exchange,,185.29,Check Exchange,
2025-10-31,11:11:51,29,110053.0,Check Exchange,,3856.76,Check Exchange,,188.09,Check Exchange,
2025-10-31,20:45:17,33,109750.0,Check Exchange,,3844.85,Check Exchange,,186.63,Check Exchange,
2025-11-01,03:23:50,33,110136.0,Check Exchange,,3862.99,Check Exchange,,185.86,Check Exchange,
2025-11-01,11:08:50,33,110382.0,Check Exchange,,3899.91,Check Exchange,,186.52,Check Exchange,
2025-11-01,20:46:52,37,110001.0,Check Exchange,,3871.82,Check Exchange,,185.2,Check Exchange,
2025-11-02,02:23:11,37,110766.0,Check Exchange,,3902.82,Check Exchange,,187.59,Check Exchange,
2025-11-02,10:08:53,37,109841.0,Check Exchange,,3848.77,Check Exchange,,183.58,Check Exchange,
2025-11-02,19:46:32,42,109719.0,Check Exchange,,3842.14,Check Exchange,,185.86,Check Exchange,
2025-11-03,02:29:21,42,107232.0,Check Exchange,,3699.79,Check Exchange,,175.8,Check Exchange,
2025-11-03,10:11:25,42,105414.0,Check Exchange,,3571.64,Check Exchange,,166.45,Check Exchange,
2025-11-03,19:42:39,21,107170.0,Check Exchange,,3645.21,Check Exchange,,167.75,Check Exchange,
2025-11-04,02:29:10,21,104212.0,Check Exchange,,3486.82,Check Exchange,,158.35,Check Exchange,
2025-11-04,10:11:58,21,103193.0,Check Exchange,,3501.21,Check Exchange,,161.83,Check Exchange,
2025-11-04,19:43:32,23,99085.0,Check Exchange,,3175.66,Check Exchange,,148.35,Check Exchange,
2025-11-05,02:28:34,23,101345.0,Check Exchange,,3290.57,Check Exchange,,154.38,Check Exchange,
2025-11-05,10:11:50,23,103503.0,Check Exchange,,3398.75,Check Exchange,,159.77,Check Exchange,
2025-11-05,19:43:19,27,103357.0,Check Exchange,,3398.27,Check Exchange,,160.74,Check Exchange,
2025-11-06,02:28:47,27,103311.0,Check Exchange,,3389.25,Check Exchange,,159.12,Check Exchange,
2025-11-06,10:11:50,27,102058.0,Check Exchange,,3304.49,Check Exchange,,156.16,Check Exchange,
2025-11-06,19:42:36,24,101087.0,Check Exchange,,3290.79,Check Exchange,,154.97,Check Exchange,
2025-11-07,02:28:28,24,101820.0,Check Exchange,,3351.71,Check Exchange,,157.64,Check Exchange,
2025-11-07,10:09:52,24,100654.0,Check Exchange,,3285.84,Check Exchange,,154.88,Check Exchange,
2025-11-07,19:47:17,20,102966.0,Check Exchange,,3435.01,Check Exchange,,161.63,Check Exchange,
2025-11-08,02:24:21,20,102203.0,Check Exchange,,3440.11,Check Exchange,,160.66,Check Exchange,
2025-11-08,10:09:28,20,101625.0,Check Exchange,,3367.89,Check Exchange,,156.42,Check Exchange,
2025-11-08,19:46:03,22,101900.0,Check Exchange,,3393.81,Check Exchange,,157.34,Check Exchange,
2025-11-09,02:23:04,22,101935.0,Check Exchange,,3416.18,Check Exchange,,159.28,Check Exchange,
2025-11-09,10:09:00,22,103797.0,Check Exchange,,3518.69,Check Exchange,,162.52,Check Exchange,
2025-11-09,19:47:23,29,105801.0,Check Exchange,,3630.22,Check Exchange,,166.82,Check Exchange,
2025-11-10,02:30:00,29,106239.0,Check Exchange,,3605.78,Check Exchange,,167.0,Check Exchange,
2025-11-10,10:11:51,29,105161.0,Check Exchange,,3528.29,Check Exchange,,166.29,Check Exchange,
2025-11-10,19:44:04,26,106255.0,Check Exchange,,3593.49,Check Exchange,,167.57,Check Exchange,
2025-11-11,02:28:18,26,105161.0,Check Exchange,,3556.37,Check Exchange,,164.31,Check Exchange,
2025-11-11,10:11:23,26,103259.0,Check Exchange,,3470.14,Check Exchange,,160.68,Check Exchange,
2025-11-11,19:43:18,24,103209.0,Check Exchange,,3445.33,Check Exchange,,155.12,Check Exchange,
2025-11-12,02:29:14,24,103731.0,Check Exchange,,3453.33,Check Exchange,,156.28,Check Exchange,
2025-11-12,10:12:32,24,101689.0,Check Exchange,,3399.68,Check Exchange,,155.16,Check Exchange,
2025-11-12,19:44:45,15,102336.0,Check Exchange,,3449.55,Check Exchange,,153.44,Check Exchange,
2025-11-13,02:28:24,15,103591.0,Check Exchange,,3546.39,Check Exchange,,155.95,Check Exchange,
2025-11-13,10:12:03,15,101243.0,Check Exchange,,3390.44,Check Exchange,,152.92,Check Exchange,
2025-11-13,19:44:09,16,99099.0,Check Exchange,,3191.93,Check Exchange,,143.89,Check Exchange,
2025-11-14,02:28:07,16,97036.0,Check Exchange,,3203.94,Check Exchange,,142.09,Check Exchange,
2025-11-14,10:11:27,16,96448.0,Check Exchange,,3195.91,Check Exchange,,141.96,Check Exchange,
2025-11-14,19:40:07,10,95275.0,Check Exchange,,3152.71,Check Exchange,,141.18,Check Exchange,
2025-11-15,02:24:35,10,95996.0,Check Exchange,,3161.96,Check Exchange,,141.94,Check Exchange,
2025-11-15,10:08:54,10,95832.0,Check Exchange,,3176.67,Check Exchange,,141.49,Check Exchange,
2025-11-15,19:48:49,10,94944.0,Check Exchange,,3138.85,Check Exchange,,138.05,Check Exchange,
2025-11-16,02:25:24,10,95921.0,Check Exchange,,3210.41,Check Exchange,,141.79,Check Exchange,
2025-11-16,10:09:12,10,94803.0,Check Exchange,,3114.36,Check Exchange,,137.6,Check Exchange,
2025-11-16,19:44:55,14,94892.0,Check Exchange,,3130.22,Check Exchange,,138.85,Check Exchange,
2025-11-17,02:30:59,14,95839.0,Check Exchange,,3196.47,Check Exchange,,141.47,Check Exchange,
2025-11-17,10:12:25,14,93284.0,Check Exchange,,3079.02,Check Exchange,,135.29,Check Exchange,
2025-11-17,19:42:51,11,91759.0,Check Exchange,,3023.6,Check Exchange,,131.6,Check Exchange,
2025-11-18,02:28:44,11,90737.0,Check Exchange,,3028.62,Check Exchange,,137.09,Check Exchange,
2025-11-18,10:12:05,11,93056.0,Check Exchange,,3121.65,Check Exchange,,139.65,Check Exchange,
2025-11-18,19:43:21,15,92312.0,Check Exchange,,3102.81,Check Exchange,,140.6,Check Exchange,
2025-11-19,02:28:57,15,91824.0,Check Exchange,,3093.0,Check Exchange,,140.46,Check Exchange,
2025-11-19,10:12:08,15,90034.0,Check Exchange,,2971.8,Check Exchange,,134.7,Check Exchange,
2025-11-19,19:41:52,11,92458.0,Check Exchange,,3036.82,Check Exchange,,138.73,Check Exchange,
2025-11-20,02:29:15,11,92088.0,Check Exchange,,3029.93,Check Exchange,,143.26,Check Exchange,
2025-11-20,10:11:29,11,88892.0,Check Exchange,,2920.56,Check Exchange,,136.68,Check Exchange,
2025-11-20,19:42:44,14,86993.0,Check Exchange,,2867.28,Check Exchange,,134.32,Check Exchange,
2025-11-21,02:29:29,14,84251.0,Check Exchange,,2739.75,Check Exchange,,128.44,Check Exchange,
2025-11-21,10:11:09,14,82722.0,Check Exchange,,2697.41,Check Exchange,,125.01,Check Exchange,
2025-11-21,19:38:59,11,85055.0,Check Exchange,,2777.82,Check Exchange,,129.62,Check Exchange,
2025-11-22,02:25:44,11,84237.0,Check Exchange,,2731.15,Check Exchange,,126.55,Check Exchange,
2025-11-22,10:09:39,11,84296.0,Check Exchange,,2739.58,Check Exchange,,126.99,Check Exchange,
2025-11-22,19:55:37,13,85852.0,Check Exchange,,2804.19,Check Exchange,,129.29,Check Exchange,
2025-11-23,02:25:31,13,86001.0,Check Exchange,,2804.75,Check Exchange,,129.25,Check Exchange,
2025-11-23,10:09:19,13,87265.0,Check Exchange,,2838.98,Check Exchange,,132.97,Check Exchange,
2025-11-23,19:50:22,19,86430.0,Check Exchange,,2780.21,Check Exchange,,130.21,Check Exchange,
2025-11-24,02:30:40,19,86831.0,Check Exchange,,2825.75,Check Exchange,,129.97,Check Exchange,
2025-11-24,10:10:15,19,86890.0,Check Exchange,,2845.54,Check Exchange,,132.13,Check Exchange,
2025-11-24,19:44:37,20,87933.0,Check Exchange,,2935.92,Check Exchange,,138.4,Check Exchange,
2025-11-25,02:29:43,20,87479.0,Check Exchange,,2903.27,Check Exchange,,136.43,Check Exchange,
2025-11-25,10:12:29,20,86776.0,Check Exchange,,2892.18,Check Exchange,,134.79,Check Exchange,
2025-11-25,19:44:14,15,88033.0,Check Exchange,,2974.9,Check Exchange,,139.93,Check Exchange,
2025-11-26,02:29:20,15,87522.0,Check Exchange,,2925.73,Check Exchange,,138.44,Check Exchange,
2025-11-26,10:11:14,15,87303.0,Check Exchange,,2938.81,Check Exchange,,137.02,Check Exchange,
2025-11-26,19:42:41,22,90643.0,Check Exchange,,3033.04,Check Exchange,,142.33,Check Exchange,
2025-11-27,02:29:53,22,91328.0,Check Exchange,,3023.7,Check Exchange,,142.53,Check Exchange,
2025-11-27,10:11:05,22,90847.0,Check Exchange,,3006.21,Check Exchange,,141.88,Check Exchange,
2025-11-27,19:42:30,25,91007.0,Check Exchange,,3006.83,Check Exchange,,139.69,Check Exchange,
2025-11-28,02:29:49,25,91154.0,Check Exchange,,3018.26,Check Exchange,,139.81,Check Exchange,
2025-11-28,10:10:52,25,92071.0,Check Exchange,,3057.58,Check Exchange,,141.06,Check Exchange,
2025-11-28,19:41:59,28,90843.0,Check Exchange,,3035.32,Check Exchange,,137.5,Check Exchange,
2025-11-29,02:27:05,28,90737.0,Check Exchange,,3010.38,Check Exchange,,137.33,Check Exchange,
2025-11-29,10:09:47,28,91047.0,Check Exchange,,3005.31,Check Exchange,,137.49,Check Exchange,
2025-11-29,19:54:32,28,90932.0,Check Exchange,,3005.72,Check Exchange,,136.39,Check Exchange,
2025-11-30,02:25:00,28,91109.0,Check Exchange,,3007.88,Check Exchange,,136.62,Check Exchange,
2025-11-30,10:10:05,28,91427.0,Check Exchange,,3031.95,Check Exchange,,138.42,Check Exchange,
2025-11-30,20:02:17,24,87210.0,Check Exchange,,2851.6,Check Exchange,,128.0,Check Exchange,
2025-12-01,02:33:38,24,86602.0,Check Exchange,,2835.98,Check Exchange,,127.31,Check Exchange,
2025-12-01,10:13:46,24,84288.0,Check Exchange,,2726.91,Check Exchange,,124.46,Check Exchange,
2025-12-01,19:46:33,23,86580.0,Check Exchange,,2797.98,Check Exchange,,127.1,Check Exchange,
2025-12-02,02:31:35,23,86473.0,Check Exchange,,2787.99,Check Exchange,,126.3,Check Exchange,
2025-12-02,10:13:20,23,91011.0,Check Exchange,,3018.45,Check Exchange,,138.53,Check Exchange,
2025-12-02,19:46:08,28,91952.0,Check Exchange,,3013.51,Check Exchange,,138.66,Check Exchange,
2025-12-03,02:30:33,28,92865.0,Check Exchange,,3051.02,Check Exchange,,141.87,Check Exchange,
2025-12-03,10:13:45,28,91857.0,Check Exchange,,3067.61,Check Exchange,,140.43,Check Exchange,
2025-12-03,19:47:19,26,93427.0,Check Exchange,,3216.55,Check Exchange,,145.44,Check Exchange,
2025-12-04,02:30:55,26,93153.0,Check Exchange,,3181.95,Check Exchange,,143.1,Check Exchange,
2025-12-04,10:12:53,26,92775.0,Check Exchange,,3200.71,Check Exchange,,142.71,Check Exchange,
2025-12-04,19:47:17,28,92448.0,Check Exchange,,3162.89,Check Exchange,,139.85,Check Exchange,
2025-12-05,02:29:34,28,92135.0,Check Exchange,,3161.85,Check Exchange,,138.44,Check Exchange,
2025-12-05,10:11:26,28,89541.0,Check Exchange,,3070.09,Check Exchange,,134.46,Check Exchange,
2025-12-05,19:41:19,23,89318.0,Check Exchange,,3023.73,Check Exchange,,133.43,Check Exchange,
2025-12-06,02:26:41,23,89400.0,Check Exchange,,3021.1,Check Exchange,,132.5,Check Exchange,
2025-12-06,10:09:53,23,89966.0,Check Exchange,,3050.46,Check Exchange,,133.17,Check Exchange,
2025-12-06,19:55:21,20,89393.0,Check Exchange,,3047.93,Check Exchange,,132.63,Check Exchange,
2025-12-07,02:26:12,20,89338.0,Check Exchange,,3033.62,Check Exchange,,131.97,Check Exchange,
2025-12-07,10:09:42,20,89413.0,Check Exchange,,3008.15,Check Exchange,,131.23,Check Exchange,
2025-12-07,19:48:03,20,91235.0,Check Exchange,,3117.55,Check Exchange,,133.87,Check Exchange,
2025-12-08,02:32:45,20,91704.0,Check Exchange,,3131.34,Check Exchange,,136.09,Check Exchange,
2025-12-08,10:12:40,20,89932.0,Check Exchange,,3102.24,Check Exchange,,135.36,Check Exchange,
2025-12-08,19:47:14,22,90062.0,Check Exchange,,3107.83,Check Exchange,,132.9,Check Exchange,
2025-12-09,02:32:08,22,90517.0,Check Exchange,,3120.09,Check Exchange,,133.0,Check Exchange,
2025-12-09,10:13:00,22,93352.0,Check Exchange,,3278.35,Check Exchange,,139.71,Check Exchange,
2025-12-09,19:49:07,26,92194.0,Check Exchange,,3295.65,Check Exchange,,138.05,Check Exchange,
2025-12-10,02:30:52,26,92705.0,Check Exchange,,3328.54,Check Exchange,,138.98,Check Exchange,
2025-12-10,10:14:28,26,92171.0,Check Exchange,,3341.67,Check Exchange,,136.48,Check Exchange,
2025-12-10,19:50:18,29,90968.0,Check Exchange,,3262.67,Check Exchange,,133.24,Check Exchange,
2025-12-11,02:31:38,29,90116.0,Check Exchange,,3192.88,Check Exchange,,130.83,Check Exchange,
2025-12-11,10:14:26,29,89430.0,Check Exchange,,3160.99,Check Exchange,,130.72,Check Exchange,
2025-12-11,19:49:31,29,92204.0,Check Exchange,,3236.23,Check Exchange,,136.94,Check Exchange,
2025-12-12,02:31:34,29,92245.0,Check Exchange,,3240.27,Check Exchange,,138.45,Check Exchange,
2025-12-12,10:10:36,29,89954.0,Check Exchange,,3080.51,Check Exchange,,133.39,Check Exchange,
2025-12-12,19:43:51,23,90223.0,Check Exchange,,3083.46,Check Exchange,,132.63,Check Exchange,
2025-12-13,02:26:51,23,90448.0,Check Exchange,,3121.73,Check Exchange,,133.65,Check Exchange,
2025-12-13,10:10:40,23,90190.0,Check Exchange,,3111.94,Check Exchange,,133.52,Check Exchange,
2025-12-13,19:55:41,21,90265.0,Check Exchange,,3118.86,Check Exchange,,133.15,Check Exchange,
2025-12-14,02:27:24,21,90260.0,Check Exchange,,3118.83,Check Exchange,,133.41,Check Exchange,
2025-12-14,10:10:22,21,89003.0,Check Exchange,,3079.81,Check Exchange,,130.67,Check Exchange,
2025-12-14,19:53:26,16,89268.0,Check Exchange,,3114.56,Check Exchange,,130.96,Check Exchange,
2025-12-15,02:34:23,16,89887.0,Check Exchange,,3140.51,Check Exchange,,132.59,Check Exchange,
2025-12-15,10:14:55,16,86975.0,Check Exchange,,3005.75,Check Exchange,,126.61,Check Exchange,
2025-12-15,19:50:11,11,85835.0,Check Exchange,,2944.61,Check Exchange,,126.52,Check Exchange,
2025-12-16,02:32:12,11,86237.0,Check Exchange,,2928.14,Check Exchange,,126.04,Check Exchange,
2025-12-16,10:13:17,11,87758.0,Check Exchange,,2946.77,Check Exchange,,129.05,Check Exchange,
2025-12-16,19:45:55,16,87589.0,Check Exchange,,2956.04,Check Exchange,,129.22,Check Exchange,
2025-12-17,02:32:04,16,86513.0,Check Exchange,,2930.12,Check Exchange,,127.37,Check Exchange,
2025-12-17,10:13:23,16,87519.0,Check Exchange,,2910.4,Check Exchange,,127.39,Check Exchange,
2025-12-17,19:46:15,17,86105.0,Check Exchange,,2828.81,Check Exchange,,123.46,Check Exchange,
2025-12-18,02:31:41,17,86923.0,Check Exchange,,2844.06,Check Exchange,,123.12,Check Exchange,
2025-12-18,10:13:44,17,88402.0,Check Exchange,,2960.84,Check Exchange,,126.98,Check Exchange,
2025-12-18,19:49:36,16,85215.0,Check Exchange,,2817.25,Check Exchange,,117.87,Check Exchange,
2025-12-19,02:31:20,16,87739.0,Check Exchange,,2942.2,Check Exchange,,124.13,Check Exchange,
2025-12-19,10:11:17,16,88322.0,Check Exchange,,2980.56,Check Exchange,,125.84,Check Exchange,
2025-12-19,19:44:04,20,88032.0,Check Exchange,,2974.68,Check Exchange,,125.75,Check Exchange,
2025-12-20,02:27:07,20,88339.0,Check Exchange,,2986.47,Check Exchange,,126.64,Check Exchange,
2025-12-20,10:10:29,20,88135.0,Check Exchange,,2976.58,Check Exchange,,126.41,Check Exchange,
2025-12-20,19:55:41,20,88094.0,Check Exchange,,2970.39,Check Exchange,,125.33,Check Exchange,
2025-12-21,02:27:30,20,88180.0,Check Exchange,,2982.77,Check Exchange,,125.06,Check Exchange,
2025-12-21,10:10:19,20,88009.0,Check Exchange,,2973.69,Check Exchange,,124.99,Check Exchange,
2025-12-21,19:55:24,25,88595.0,Check Exchange,,3021.48,Check Exchange,,126.5,Check Exchange,
2025-12-22,02:32:39,25,89807.0,Check Exchange,,3050.67,Check Exchange,,127.07,Check Exchange,
2025-12-22,10:11:40,25,89747.0,Check Exchange,,3049.74,Check Exchange,,127.97,Check Exchange,
2025-12-22,19:50:27,24,88480.0,Check Exchange,,3019.4,Check Exchange,,126.01,Check Exchange,
2025-12-23,02:31:43,24,87557.0,Check Exchange,,2966.13,Check Exchange,,124.43,Check Exchange,
2025-12-23,10:12:38,24,87685.0,Check Exchange,,2941.0,Check Exchange,,123.52,Check Exchange,
2025-12-23,19:49:09,24,87468.0,Check Exchange,,2960.21,Check Exchange,,123.25,Check Exchange,
2025-12-24,02:31:22,24,86865.0,Check Exchange,,2931.67,Check Exchange,,121.31,Check Exchange,
2025-12-24,10:12:05,24,87056.0,Check Exchange,,2926.47,Check Exchange,,122.7,Check Exchange,
2025-12-24,19:50:49,23,87666.0,Check Exchange,,2947.55,Check Exchange,,122.56,Check Exchange,
2025-12-25,02:30:28,23,87366.0,Check Exchange,,2921.11,Check Exchange,,121.76,Check Exchange,
2025-12-25,10:11:58,23,88158.0,Check Exchange,,2955.5,Check Exchange,,123.56,Check Exchange,
2025-12-25,19:50:02,20,87367.0,Check Exchange,,2918.21,Check Exchange,,120.87,Check Exchange,
2025-12-26,02:30:07,20,88664.0,Check Exchange,,2960.37,Check Exchange,,122.77,Check Exchange,
2025-12-26,10:10:45,20,87088.0,Check Exchange,,2921.93,Check Exchange,,121.69,Check Exchange,
2025-12-26,19:48:01,23,87381.0,Check Exchange,,2926.34,Check Exchange,,122.04,Check Exchange,
2025-12-27,02:28:12,23,87595.0,Check Exchange,,2934.53,Check Exchange,,123.17,Check Exchange,
2025-12-27,10:10:42,23,87498.0,Check Exchange,,2925.15,Check Exchange,,123.28,Check Exchange,
2025-12-27,20:01:13,24,87724.0,Check Exchange,,2941.95,Check Exchange,,123.92,Check Exchange,
2025-12-28,02:28:32,24,87711.0,Check Exchange,,2938.59,Check Exchange,,124.28,Check Exchange,
2025-12-28,10:10:44,24,87808.0,Check Exchange,,2948.81,Check Exchange,,124.45,Check Exchange,
2025-12-28,19:59:24,24,88352.0,Check Exchange,,2979.28,Check Exchange,,128.82,Check Exchange,
2025-12-29,02:33:48,24,89690.0,Check Exchange,,3020.01,Check Exchange,,128.03,Check Exchange,
2025-12-29,10:11:49,24,87667.0,Check Exchange,,2935.23,Check Exchange,,123.38,Check Exchange,
2025-12-29,19:51:12,23,87214.0,Check Exchange,,2934.02,Check Exchange,,123.15,Check Exchange,
2025-12-30,02:31:25,23,87770.0,Check Exchange,,2973.98,Check Exchange,,124.53,Check Exchange,
2025-12-30,10:12:46,23,88991.0,Check Exchange,,2982.81,Check Exchange,,124.96,Check Exchange,
2025-12-30,19:51:47,21,88641.0,Check Exchange,,2980.02,Check Exchange,,125.58,Check Exchange,
2025-12-31,02:31:32,21,88549.0,Check Exchange,,2973.18,Check Exchange,,125.84,Check Exchange,
2025-12-31,10:12:20,21,87744.0,Check Exchange,,2979.96,Check Exchange,,125.24,Check Exchange,
2025-12-31,20:01:55,20,87805.0,Check Exchange,,2979.37,Check Exchange,,124.99,Check Exchange,
2026-01-01,02:30:58,20,87598.0,Check Exchange,,2977.11,Check Exchange,,124.34,Check Exchange,
2026-01-01,10:12:20,20,87843.0,Check Exchange,,2983.1,Check Exchange,,124.66,Check Exchange,
2026-01-01,19:53:17,28,88548.0,Check Exchange,,3000.07,Check Exchange,,126.03,Check Exchange,
2026-01-02,02:31:14,28,88962.0,Check Exchange,,3022.94,Check Exchange,,127.44,Check Exchange,
2026-01-02,10:11:36,28,89438.0,Check Exchange,,3086.55,Check Exchange,,128.9,Check Exchange,
2026-01-02,19:46:58,29,90125.0,Check Exchange,,3128.15,Check Exchange,,132.59,Check Exchange,
2026-01-03,02:29:03,29,89660.0,Check Exchange,,3097.32,Check Exchange,,130.34,Check Exchange,
2026-01-03,10:10:53,29,89928.0,Check Exchange,,3100.75,Check Exchange,,131.67,Check Exchange,
2026-01-03,20:02:49,25,91219.0,Check Exchange,,3148.93,Check Exchange,,133.88,Check Exchange,
2026-01-04,02:29:35,25,91180.0,Check Exchange,,3131.27,Check Exchange,,133.45,Check Exchange,
2026-01-04,10:10:32,25,91268.0,Check Exchange,,3133.54,Check Exchange,,135.14,Check Exchange,
2026-01-04,20:02:44,26,93065.0,Check Exchange,,3200.56,Check Exchange,,136.81,Check Exchange,
2026-01-05,02:35:38,26,92639.0,Check Exchange,,3164.77,Check Exchange,,135.67,Check Exchange,
2026-01-05,10:13:42,26,93824.0,Check Exchange,,3186.61,Check Exchange,,135.68,Check Exchange,
2026-01-05,19:53:04,44,93803.0,Check Exchange,,3222.03,Check Exchange,,137.82,Check Exchange,
2026-01-06,02:33:18,44,93230.0,Check Exchange,,3215.59,Check Exchange,,137.73,Check Exchange,
2026-01-06,10:12:55,44,93471.0,Check Exchange,,3270.98,Check Exchange,,141.04,Check Exchange,
2026-01-06,19:52:52,42,92343.0,Check Exchange,,3238.93,Check Exchange,,139.02,Check Exchange,
2026-01-07,02:32:58,42,92813.0,Check Exchange,,3255.3,Check Exchange,,139.31,Check Exchange,
2026-01-07,10:15:12,42,91499.0,Check Exchange,,3169.6,Check Exchange,,136.12,Check Exchange,
2026-01-07,19:53:04,28,91305.0,Check Exchange,,3173.78,Check Exchange,,136.79,Check Exchange,
2026-01-08,02:32:44,28,90583.0,Check Exchange,,3129.36,Check Exchange,,135.76,Check Exchange,
2026-01-08,10:14:27,28,90644.0,Check Exchange,,3098.51,Check Exchange,,136.46,Check Exchange,
2026-01-08,19:54:17,27,90920.0,Check Exchange,,3097.78,Check Exchange,,137.92,Check Exchange,
2026-01-09,02:32:35,27,90570.0,Check Exchange,,3106.19,Check Exchange,,138.74,Check Exchange,
2026-01-09,10:12:37,27,91267.0,Check Exchange,,3119.15,Check Exchange,,139.06,Check Exchange,
2026-01-09,19:50:00,25,90599.0,Check Exchange,,3086.62,Check Exchange,,136.03,Check Exchange,
2026-01-10,02:28:19,25,90558.0,Check Exchange,,3085.62,Check Exchange,,135.96,Check Exchange,
2026-01-10,10:10:22,25,90585.0,Check Exchange,,3092.72,Check Exchange,,136.27,Check Exchange,
2026-01-10,20:02:44,29,90512.0,Check Exchange,,3091.26,Check Exchange,,136.11,Check Exchange,
2026-01-11,02:28:49,29,90599.0,Check Exchange,,3093.16,Check Exchange,,136.08,Check Exchange,
2026-01-11,10:10:30,29,90849.0,Check Exchange,,3116.03,Check Exchange,,138.6,Check Exchange,
2026-01-11,19:59:00,27,91273.0,Check Exchange,,3121.07,Check Exchange,,141.05,Check Exchange,
2026-01-12,02:34:44,27,91085.0,Check Exchange,,3122.65,Check Exchange,,141.1,Check Exchange,
2026-01-12,10:14:44,27,91676.0,Check Exchange,,3127.29,Check Exchange,,142.59,Check Exchange,
2026-01-12,19:50:34,26,91052.0,Check Exchange,,3093.37,Check Exchange,,138.54,Check Exchange,
2026-01-13,02:32:59,26,91860.0,Check Exchange,,3122.91,Check Exchange,,140.54,Check Exchange,
2026-01-13,10:16:10,26,93284.0,Check Exchange,,3178.2,Check Exchange,,143.23,Check Exchange,
2026-01-13,19:57:39,48,95242.0,Check Exchange,,3331.85,Check Exchange,,145.49,Check Exchange,
2026-01-14,02:32:55,48,95114.0,Check Exchange,,3334.55,Check Exchange,,144.79,Check Exchange,
2026-01-14,10:14:59,48,97350.0,Check Exchange,,3366.03,Check Exchange,,147.55,Check Exchange,
2026-01-14,19:53:03,61,96412.0,Check Exchange,,3324.12,Check Exchange,,145.02,Check Exchange,
2026-01-15,02:33:19,61,96313.0,Check Exchange,,3320.21,Check Exchange,,144.45,Check Exchange,
2026-01-15,10:19:31,61,96432.0,Check Exchange,,3319.83,Check Exchange,,143.08,Check Exchange,
2026-01-15,19:54:39,49,95708.0,Check Exchange,,3316.44,Check Exchange,,142.39,Check Exchange,
2026-01-16,02:32:21,49,95780.0,Check Exchange,,3316.27,Check Exchange,,143.26,Check Exchange,
2026-01-16,10:13:43,49,94702.0,Check Exchange,,3268.13,Check Exchange,,141.12,Check Exchange,
2026-01-16,19:49:00,50,95357.0,Check Exchange,,3287.35,Check Exchange,,144.61,Check Exchange,
2026-01-17,02:27:57,50,95161.0,Check Exchange,,3292.37,Check Exchange,,143.91,Check Exchange,
2026-01-17,10:10:02,50,95468.0,Check Exchange,,3323.29,Check Exchange,,144.14,Check Exchange,
2026-01-17,20:01:10,49,94924.0,Check Exchange,,3299.71,Check Exchange,,142.67,Check Exchange,
2026-01-18,02:28:41,49,95040.0,Check Exchange,,3308.26,Check Exchange,,142.07,Check Exchange,
2026-01-18,10:10:37,49,95097.0,Check Exchange,,3333.2,Check Exchange,,141.98,Check Exchange,
2026-01-18,19:59:25,44,92481.0,Check Exchange,,3203.89,Check Exchange,,133.62,Check Exchange,
2026-01-19,02:35:33,44,92985.0,Check Exchange,,3212.47,Check Exchange,,133.68,Check Exchange,
2026-01-19,10:14:10,44,92994.0,Check Exchange,,3213.05,Check Exchange,,133.53,Check Exchange,
2026-01-19,19:54:34,32,92753.0,Check Exchange,,3194.78,Check Exchange,,133.84,Check Exchange,
2026-01-20,02:34:36,32,90939.0,Check Exchange,,3100.26,Check Exchange,,129.82,Check Exchange,
2026-01-20,10:19:10,32,90768.0,Check Exchange,,3032.8,Check Exchange,,128.18,Check Exchange,
2026-01-20,19:57:03,24,88939.0,Check Exchange,,2965.01,Check Exchange,,127.32,Check Exchange,
2026-01-21,02:34:07,24,89162.0,Check Exchange,,2965.19,Check Exchange,,127.32,Check Exchange,
2026-01-21,10:21:30,24,89615.0,Check Exchange,,2975.74,Check Exchange,,129.36,Check Exchange,
2026-01-21,19:57:58,20,89991.0,Check Exchange,,3024.29,Check Exchange,,130.05,Check Exchange,
2026-01-22,02:34:37,20,89726.0,Check Exchange,,2992.23,Check Exchange,,129.42,Check Exchange,
2026-01-22,10:18:40,20,88735.0,Check Exchange,,2934.5,Check Exchange,,127.22,Check Exchange,
2026-01-22,19:54:06,24,89736.0,Check Exchange,,2962.07,Check Exchange,,128.56,Check Exchange,
2026-01-23,02:32:35,24,89234.0,Check Exchange,,2933.94,Check Exchange,,127.41,Check Exchange,
2026-01-23,10:15:00,24,89606.0,Check Exchange,,2950.06,Check Exchange,,128.04,Check Exchange,
2026-01-23,19:50:51,25,89395.0,Check Exchange,,2949.0,Check Exchange,,127.29,Check Exchange,
2026-01-24,02:29:08,25,89481.0,Check Exchange,,2954.25,Check Exchange,,126.93,Check Exchange,
2026-01-24,10:10:32,25,89150.0,Check Exchange,,2954.09,Check Exchange,,126.68,Check Exchange,
2026-01-24,20:04:50,25,89056.0,Check Exchange,,2951.51,Check Exchange,,126.98,Check Exchange,
2026-01-25,02:29:35,25,88581.0,Check Exchange,,2938.73,Check Exchange,,126.56,Check Exchange,
2026-01-25,10:11:15,25,87953.0,Check Exchange,,2906.33,Check Exchange,,123.99,Check Exchange,
2026-01-25,20:04:13,20,87442.0,Check Exchange,,2871.86,Check Exchange,,122.03,Check Exchange,
2026-01-26,02:35:22,20,88051.0,Check Exchange,,2910.89,Check Exchange,,123.04,Check Exchange,
2026-01-26,10:17:44,20,87180.0,Check Exchange,,2892.19,Check Exchange,,123.52,Check Exchange,
2026-01-26,20:00:37,29,88452.0,Check Exchange,,2928.12,Check Exchange,,124.15,Check Exchange,
2026-01-27,02:35:27,29,88141.0,Check Exchange,,2919.89,Check Exchange,,124.27,Check Exchange,
2026-01-27,10:16:03,29,88415.0,Check Exchange,,2975.03,Check Exchange,,125.85,Check Exchange,
2026-01-27,19:56:45,29,89317.0,Check Exchange,,3014.7,Check Exchange,,126.85,Check Exchange,
2026-01-28,02:34:49,29,88968.0,Check Exchange,,2994.6,Check Exchange,,126.94,Check Exchange,
2026-01-28,10:21:12,29,89267.0,Check Exchange,,2997.81,Check Exchange,,125.67,Check Exchange,
2026-01-28,20:10:42,26,88554.0,Check Exchange,,2991.17,Check Exchange,,124.28,Check Exchange,
2026-01-29,02:41:33,26,88105.0,Check Exchange,,2952.26,Check Exchange,,123.44,Check Exchange,
2026-01-29,10:27:16,26,84496.0,Check Exchange,,2807.6,Check Exchange,,117.59,Check Exchange,
2026-01-29,20:11:16,16,82008.0,Check Exchange,,2729.63,Check Exchange,,114.65,Check Exchange,
2026-01-30,02:40:42,16,82412.0,Check Exchange,,2723.83,Check Exchange,,115.33,Check Exchange,
2026-01-30,10:23:37,16,82776.0,Check Exchange,,2718.7,Check Exchange,,116.75,Check Exchange,
2026-01-30,20:06:51,20,83882.0,Check Exchange,,2692.45,Check Exchange,,117.85,Check Exchange,
2026-01-31,02:32:43,20,82937.0,Check Exchange,,2657.38,Check Exchange,,115.6,Check Exchange,
2026-01-31,10:12:25,20,80795.0,Check Exchange,,2516.26,Check Exchange,,108.12,Check Exchange,
2026-01-31,20:36:18,14,78572.0,Check Exchange,,2445.44,Check Exchange,,105.01,Check Exchange,
2026-02-01,02:34:46,14,78399.0,Check Exchange,,2402.84,Check Exchange,,105.08,Check Exchange,
2026-02-01,10:14:06,14,77243.0,Check Exchange,,2302.67,Check Exchange,,101.72,Check Exchange,
2026-02-01,20:27:09,14,77151.0,Check Exchange,,2291.93,Check Exchange,,102.04,Check Exchange,
2026-02-02,02:45:50,14,76858.0,Check Exchange,,2245.93,Check Exchange,,101.81,Check Exchange,
2026-02-02,10:21:42,14,79124.0,Check Exchange,,2382.02,Check Exchange,,105.14,Check Exchange,
2026-02-02,20:25:14,17,78753.0,Check Exchange,,2337.21,Check Exchange,,103.54,Check Exchange,
2026-02-03,02:38:55,17,78915.0,Check Exchange,,2325.2,Check Exchange,,104.7,Check Exchange,
2026-02-03,10:37:28,17,76693.0,Check Exchange,,2247.91,Check Exchange,,100.47,Check Exchange,
2026-02-03,20:12:18,14,76427.0,Check Exchange,,2269.48,Check Exchange,,98.87,Check Exchange,
2026-02-04,02:42:58,14,76235.0,Check Exchange,,2272.49,Check Exchange,,97.08,Check Exchange,
2026-02-04,10:31:17,14,74047.0,Check Exchange,,2133.94,Check Exchange,,92.3,Check Exchange,
2026-02-04,20:13:59,12,72088.0,Check Exchange,,2129.93,Check Exchange,,91.48,Check Exchange,
2026-02-05,02:44:41,12,71212.0,Check Exchange,,2111.04,Check Exchange,,91.93,Check Exchange,
2026-02-05,10:31:01,12,68054.0,Check Exchange,,1983.97,Check Exchange,,84.95,Check Exchange,
2026-02-05,20:20:58,9,64852.0,Check Exchange,,1913.51,Check Exchange,,78.46,Check Exchange,
2026-02-06,02:43:23,9,64608.0,Check Exchange,,1872.45,Check Exchange,,79.0,Check Exchange,
2026-02-06,10:29:13,9,69538.0,Check Exchange,,2023.33,Check Exchange,,85.75,Check Exchange,
2026-02-06,20:09:55,6,70431.0,Check Exchange,,2057.2,Check Exchange,,87.02,Check Exchange,
2026-02-07,02:33:44,6,68601.0,Check Exchange,,2025.3,Check Exchange,,85.1,Check Exchange,
2026-02-07,10:14:34,6,69335.0,Check Exchange,,2059.91,Check Exchange,,87.12,Check Exchange,
2026-02-07,20:43:08,7,69269.0,Check Exchange,,2087.02,Check Exchange,,87.44,Check Exchange,
2026-02-08,02:35:24,7,70473.0,Check Exchange,,2114.69,Check Exchange,,88.01,Check Exchange,
2026-02-08,10:15:26,7,70995.0,Check Exchange,,2109.58,Check Exchange,,87.55,Check Exchange,
2026-02-08,20:28:44,14,70396.0,Check Exchange,,2071.51,Check Exchange,,86.54,Check Exchange,
2026-02-09,02:55:31,14,69740.0,Check Exchange,,2050.73,Check Exchange,,84.44,Check Exchange,
2026-02-09,20:36:27,9,70209.0,Check Exchange,,2107.97,Check Exchange,,86.75,Check Exchange,
2026-02-10,02:57:33,9,69078.0,Check Exchange,,2012.81,Check Exchange,,84.58,Check Exchange,
2026-02-10,10:50:15,9,69405.0,Check Exchange,,2028.9,Check Exchange,,84.58,Check Exchange,
2026-02-10,20:33:59,11,69013.0,Check Exchange,,2029.07,Check Exchange,,84.2,Check Exchange,
2026-02-11,02:51:43,11,66948.0,Check Exchange,,1949.0,Check Exchange,,81.06,Check Exchange,
2026-02-11,10:49:37,11,66200.0,Check Exchange,,1920.71,Check Exchange,,79.22,Check Exchange,
2026-02-11,20:28:24,5,67456.0,Check Exchange,,1961.06,Check Exchange,,80.07,Check Exchange,
2026-02-12,02:50:51,5,66957.0,Check Exchange,,1959.57,Check Exchange,,80.51,Check Exchange,
2026-02-12,10:42:53,5,66366.0,Check Exchange,,1918.16,Check Exchange,,79.14,Check Exchange,
2026-02-12,20:30:08,9,66566.0,Check Exchange,,1946.4,Check Exchange,,78.67,Check Exchange,
2026-02-13,02:44:09,9,66385.0,Check Exchange,,1945.67,Check Exchange,,79.28,Check Exchange,
2026-02-13,10:29:46,9,69023.0,Check Exchange,,2052.94,Check Exchange,,83.75,Check Exchange,
2026-02-13,20:11:09,9,68943.0,Check Exchange,,2052.93,Check Exchange,,84.9,Check Exchange,
2026-02-14,02:34:52,9,69518.0,Check Exchange,,2071.15,Check Exchange,,85.52,Check Exchange,
2026-02-14,10:14:22,9,69688.0,Check Exchange,,2081.98,Check Exchange,,87.37,Check Exchange,
2026-02-14,20:29:57,8,69432.0,Check Exchange,,2055.15,Check Exchange,,87.88,Check Exchange,
2026-02-15,02:35:27,8,70291.0,Check Exchange,,2063.01,Check Exchange,,90.1,Check Exchange,
2026-02-15,10:14:11,8,68888.0,Check Exchange,,2000.88,Check Exchange,,87.02,Check Exchange,
2026-02-15,20:26:32,12,68387.0,Check Exchange,,1958.22,Check Exchange,,85.96,Check Exchange,
2026-02-16,02:51:15,12,68712.0,Check Exchange,,1974.96,Check Exchange,,85.29,Check Exchange,
2026-02-16,10:28:27,12,67681.0,Check Exchange,,1969.15,Check Exchange,,83.67,Check Exchange,
2026-02-16,20:23:35,10,69001.0,Check Exchange,,2002.03,Check Exchange,,86.91,Check Exchange,
2026-02-17,02:49:49,10,68213.0,Check Exchange,,1977.15,Check Exchange,,86.1,Check Exchange,
2026-02-17,10:41:44,10,67911.0,Check Exchange,,2003.21,Check Exchange,,84.91,Check Exchange,
2026-02-17,20:26:37,8,67222.0,Check Exchange,,1983.95,Check Exchange,,84.71,Check Exchange,
2026-02-18,02:49:22,8,68135.0,Check Exchange,,2021.85,Check Exchange,,85.5,Check Exchange,
2026-02-18,10:47:04,8,67192.0,Check Exchange,,1972.82,Check Exchange,,82.26,Check Exchange,
2026-02-18,20:25:37,9,66870.0,Check Exchange,,1969.81,Check Exchange,,81.8,Check Exchange,
2026-02-19,02:48:18,9,66872.0,Check Exchange,,1967.4,Check Exchange,,81.68,Check Exchange,
2026-02-19,10:37:15,9,66419.0,Check Exchange,,1926.62,Check Exchange,,80.43,Check Exchange,
2026-02-19,20:21:45,7,67261.0,Check Exchange,,1951.99,Check Exchange,,83.06,Check Exchange,
2026-02-20,02:42:11,7,67776.0,Check Exchange,,1958.57,Check Exchange,,83.43,Check Exchange,
2026-02-20,10:23:21,7,67574.0,Check Exchange,,1958.46,Check Exchange,,84.35,Check Exchange,
2026-02-20,20:08:36,8,67907.0,Check Exchange,,1965.76,Check Exchange,,84.61,Check Exchange,
2026-02-21,02:33:20,8,67955.0,Check Exchange,,1963.75,Check Exchange,,84.38,Check Exchange,
2026-02-21,10:14:06,8,68370.0,Check Exchange,,1981.99,Check Exchange,,86.17,Check Exchange,
2026-02-21,20:26:03,9,68059.0,Check Exchange,,1976.37,Check Exchange,,85.27,Check Exchange,
2026-02-22,02:34:27,9,67932.0,Check Exchange,,1972.57,Check Exchange,,84.94,Check Exchange,
2026-02-22,10:14:28,9,67584.0,Check Exchange,,1950.47,Check Exchange,,83.36,Check Exchange,
2026-02-22,20:26:50,5,64552.0,Check Exchange,,1857.05,Check Exchange,,77.93,Check Exchange,
2026-02-23,02:52:47,5,65599.0,Check Exchange,,1879.41,Check Exchange,,78.65,Check Exchange,
2026-02-23,10:40:09,5,65583.0,Check Exchange,,1893.14,Check Exchange,,79.39,Check Exchange,
2026-02-23,20:23:25,8,64128.0,Check Exchange,,1843.49,Check Exchange,,77.85,Check Exchange,
2026-02-24,02:51:26,8,63357.0,Check Exchange,,1831.19,Check Exchange,,77.03,Check Exchange,
2026-02-24,10:52:25,8,63900.0,Check Exchange,,1846.05,Check Exchange,,77.72,Check Exchange,
2026-02-24,20:24:30,11,66144.0,Check Exchange,,1931.84,Check Exchange,,82.52,Check Exchange,
2026-02-25,02:52:20,11,65433.0,Check Exchange,,1905.45,Check Exchange,,82.3,Check Exchange,
2026-02-25,10:55:22,11,68054.0,Check Exchange,,2040.85,Check Exchange,,87.48,Check Exchange,
2026-02-25,20:20:41,11,68050.0,Check Exchange,,2049.24,Check Exchange,,87.88,Check Exchange,
2026-02-26,02:51:50,11,68072.0,Check Exchange,,2054.37,Check Exchange,,87.53,Check Exchange,
2026-02-26,10:42:28,11,67078.0,Check Exchange,,2014.51,Check Exchange,,85.61,Check Exchange,
2026-02-26,20:12:10,13,67395.0,Check Exchange,,2021.87,Check Exchange,,86.2,Check Exchange,
2026-02-27,02:42:17,13,67812.0,Check Exchange,,2031.67,Check Exchange,,87.43,Check Exchange,
2026-02-27,10:25:38,13,65930.0,Check Exchange,,1940.15,Check Exchange,,82.14,Check Exchange,
2026-02-27,20:02:36,11,65806.0,Check Exchange,,1925.19,Check Exchange,,81.88,Check Exchange,
2026-02-28,02:31:30,11,63657.0,Check Exchange,,1858.49,Check Exchange,,78.35,Check Exchange,
2026-02-28,10:12:19,11,64894.0,Check Exchange,,1898.85,Check Exchange,,80.84,Check Exchange,
2026-02-28,20:32:34,14,67783.0,Check Exchange,,2034.56,Check Exchange,,88.21,Check Exchange,
2026-03-01,02:33:11,14,67219.0,Check Exchange,,2006.68,Check Exchange,,86.54,Check Exchange,
2026-03-01,10:13:02,14,66980.0,Check Exchange,,2002.04,Check Exchange,,85.94,Check Exchange,
2026-03-01,20:22:52,10,66114.0,Check Exchange,,1944.44,Check Exchange,,83.88,Check Exchange,
2026-03-02,02:49:50,10,66008.0,Check Exchange,,1938.87,Check Exchange,,83.0,Check Exchange,
2026-03-02,10:29:05,10,69454.0,Check Exchange,,2061.81,Check Exchange,,89.58,Check Exchange,
2026-03-02,20:24:41,14,68328.0,Check Exchange,,2002.6,Check Exchange,,85.46,Check Exchange,
2026-03-03,02:42:39,14,67465.0,Check Exchange,,1968.42,Check Exchange,,84.67,Check Exchange,
2026-03-03,10:31:54,14,68775.0,Check Exchange,,2004.19,Check Exchange,,86.72,Check Exchange,
2026-03-03,20:10:47,10,68270.0,Check Exchange,,1977.6,Check Exchange,,87.0,Check Exchange,
2026-03-04,02:40:46,10,69526.0,Check Exchange,,2012.11,Check Exchange,,87.4,Check Exchange,
2026-03-04,10:28:14,10,72818.0,Check Exchange,,2139.09,Check Exchange,,91.42,Check Exchange,
2026-03-04,20:21:57,22,72805.0,Check Exchange,,2128.78,Check Exchange,,90.45,Check Exchange,
2026-03-05,02:43:43,22,72036.0,Check Exchange,,2102.73,Check Exchange,,90.12,Check Exchange,
2026-03-05,11:57:53,22,70801.0,Check Exchange,,2059.21,Check Exchange,,88.22,Check Exchange,
2026-03-05,20:12:23,18,71248.0,Check Exchange,,2087.71,Check Exchange,,89.06,Check Exchange,
2026-03-06,02:39:46,18,70963.0,Check Exchange,,2078.17,Check Exchange,,88.45,Check Exchange,
2026-03-06,10:24:35,18,68333.0,Check Exchange,,1970.04,Check Exchange,,84.51,Check Exchange,
2026-03-06,20:06:11,12,68242.0,Check Exchange,,1980.24,Check Exchange,,84.7,Check Exchange,
2026-03-07,02:33:30,12,67985.0,Check Exchange,,1986.38,Check Exchange,,84.42,Check Exchange,
2026-03-07,10:13:16,12,67868.0,Check Exchange,,1978.74,Check Exchange,,83.72,Check Exchange,
2026-03-07,20:23:55,12,67292.0,Check Exchange,,1968.44,Check Exchange,,82.98,Check Exchange,
2026-03-08,03:33:48,12,67285.0,Check Exchange,,1952.57,Check Exchange,,82.7,Check Exchange,
2026-03-08,11:13:20,12,67164.0,Check Exchange,,1943.2,Check Exchange,,82.08,Check Exchange,
2026-03-08,21:24:56,8,66069.0,Check Exchange,,1942.92,Check Exchange,,81.89,Check Exchange,
2026-03-09,03:48:50,8,67797.0,Check Exchange,,1992.71,Check Exchange,,83.51,Check Exchange,
2026-03-09,11:43:20,8,69032.0,Check Exchange,,2027.75,Check Exchange,,85.15,Check Exchange,
2026-03-09,21:10:07,13,69146.0,Check Exchange,,2017.34,Check Exchange,,85.64,Check Exchange,
2026-03-10,03:45:11,13,71007.0,Check Exchange,,2068.19,Check Exchange,,87.0,Check Exchange,
2026-03-10,11:42:48,13,71248.0,Check Exchange,,2079.72,Check Exchange,,88.43,Check Exchange,
2026-03-10,21:09:31,15,70075.0,Check Exchange,,2037.76,Check Exchange,,86.12,Check Exchange,
2026-03-11,03:43:19,15,69648.0,Check Exchange,,2022.52,Check Exchange,,85.43,Check Exchange,
2026-03-11,11:36:59,15,70689.0,Check Exchange,,2063.21,Check Exchange,,86.04,Check Exchange,
2026-03-11,21:22:35,18,69573.0,Check Exchange,,2037.96,Check Exchange,,85.94,Check Exchange,
2026-03-12,03:45:37,18,69761.0,Check Exchange,,2044.27,Check Exchange,,85.83,Check Exchange,
2026-03-12,11:45:06,18,70409.0,Check Exchange,,2073.72,Check Exchange,,86.68,Check Exchange,
2026-03-12,21:12:59,15,71596.0,Check Exchange,,2124.64,Check Exchange,,90.27,Check Exchange,
2026-03-13,03:41:14,15,71998.0,Check Exchange,,2111.25,Check Exchange,,89.2,Check Exchange,
2026-03-13,11:24:09,15,71436.0,Check Exchange,,2119.86,Check Exchange,,89.43,Check Exchange,
2026-03-13,21:11:07,16,70849.0,Check Exchange,,2094.4,Check Exchange,,88.24,Check Exchange,
2026-03-14,03:37:19,16,70670.0,Check Exchange,,2078.39,Check Exchange,,87.42,Check Exchange,
2026-03-14,11:16:21,16,70589.0,Check Exchange,,2073.34,Check Exchange,,86.76,Check Exchange,
2026-03-14,21:37:03,15,71203.0,Check Exchange,,2091.37,Check Exchange,,88.12,Check Exchange,
2026-03-15,03:38:54,15,71528.0,Check Exchange,,2108.28,Check Exchange,,88.3,Check Exchange,
2026-03-15,11:17:35,15,71488.0,Check Exchange,,2096.5,Check Exchange,,87.98,Check Exchange,
2026-03-15,21:37:42,23,72419.0,Check Exchange,,2173.6,Check Exchange,,91.3,Check Exchange,
2026-03-16,03:58:48,23,73174.0,Check Exchange,,2245.49,Check Exchange,,92.93,Check Exchange,
2026-03-16,11:49:07,23,73673.0,Check Exchange,,2290.57,Check Exchange,,93.57,Check Exchange,
2026-03-16,21:22:56,28,75183.0,Check Exchange,,2346.72,Check Exchange,,95.17,Check Exchange,
2026-03-17,03:55:22,28,74347.0,Check Exchange,,2328.63,Check Exchange,,94.78,Check Exchange,
2026-03-17,11:51:55,28,74137.0,Check Exchange,,2326.45,Check Exchange,,94.32,Check Exchange,
2026-03-17,21:27:43,26,74230.0,Check Exchange,,2331.31,Check Exchange,,94.84,Check Exchange,
2026-03-18,03:52:35,26,74095.0,Check Exchange,,2324.01,Check Exchange,,94.15,Check Exchange,
2026-03-18,11:46:15,26,71285.0,Check Exchange,,2179.32,Check Exchange,,88.94,Check Exchange,
2026-03-18,21:28:43,23,71187.0,Check Exchange,,2200.37,Check Exchange,,90.29,Check Exchange,
2026-03-19,03:43:05,23,70093.0,Check Exchange,,2164.06,Check Exchange,,89.25,Check Exchange,
2026-03-19,11:43:06,23,69516.0,Check Exchange,,2117.66,Check Exchange,,87.45,Check Exchange,
2026-03-19,21:21:52,11,70284.0,Check Exchange,,2142.21,Check Exchange,,89.3,Check Exchange,
2026-03-20,03:42:20,11,71140.0,Check Exchange,,2164.95,Check Exchange,,89.78,Check Exchange,
2026-03-20,11:27:56,11,69953.0,Check Exchange,,2138.1,Check Exchange,,89.03,Check Exchange,
2026-03-20,21:08:51,12,70470.0,Check Exchange,,2148.28,Check Exchange,,89.85,Check Exchange,
2026-03-21,03:35:24,12,70576.0,Check Exchange,,2151.9,Check Exchange,,89.89,Check Exchange,
2026-03-21,11:14:26,12,70578.0,Check Exchange,,2152.62,Check Exchange,,89.86,Check Exchange,
2026-03-21,21:29:12,10,69113.0,Check Exchange,,2094.15,Check Exchange,,87.67,Check Exchange,
2026-03-22,03:36:44,10,68611.0,Check Exchange,,2078.03,Check Exchange,,87.08,Check Exchange,
2026-03-22,11:15:00,10,68808.0,Check Exchange,,2082.08,Check Exchange,,87.54,Check Exchange,
2026-03-22,21:29:51,8,68143.0,Check Exchange,,2060.07,Check Exchange,,86.44,Check Exchange,
2026-03-23,03:58:20,8,68390.0,Check Exchange,,2047.82,Check Exchange,,86.06,Check Exchange,
2026-03-23,11:41:50,8,70383.0,Check Exchange,,2127.3,Check Exchange,,89.77,Check Exchange,
2026-03-23,21:22:24,11,70486.0,Check Exchange,,2135.98,Check Exchange,,90.33,Check Exchange,
2026-03-24,03:55:04,11,70956.0,Check Exchange,,2155.95,Check Exchange,,91.69,Check Exchange,
2026-03-24,11:46:51,11,69532.0,Check Exchange,,2128.82,Check Exchange,,89.4,Check Exchange,
2026-03-24,21:27:03,14,70563.0,Check Exchange,,2154.08,Check Exchange,,91.01,Check Exchange,
2026-03-25,03:53:46,14,71294.0,Check Exchange,,2178.24,Check Exchange,,92.48,Check Exchange,
2026-03-25,11:51:06,14,71318.0,Check Exchange,,2173.31,Check Exchange,,92.38,Check Exchange,
2026-03-25,21:33:38,10,70758.0,Check Exchange,,2149.74,Check Exchange,,91.19,Check Exchange,
2026-03-26,03:58:30,10,69990.0,Check Exchange,,2119.45,Check Exchange,,88.83,Check Exchange,
2026-03-26,11:50:22,10,68866.0,Check Exchange,,2062.5,Check Exchange,,87.22,Check Exchange,
2026-03-26,21:35:26,13,69009.0,Check Exchange,,2072.97,Check Exchange,,86.73,Check Exchange,
2026-03-27,03:55:27,13,67928.0,Check Exchange,,2048.63,Check Exchange,,84.92,Check Exchange,
2026-03-27,11:39:32,13,65827.0,Check Exchange,,1981.56,Check Exchange,,82.8,Check Exchange,
2026-03-27,21:26:13,12,66036.0,Check Exchange,,1985.14,Check Exchange,,82.56,Check Exchange,
2026-03-28,03:41:16,12,66438.0,Check Exchange,,2000.78,Check Exchange,,83.5,Check Exchange,
2026-03-28,11:18:20,12,66998.0,Check Exchange,,2026.85,Check Exchange,,83.74,Check Exchange,
2026-03-28,21:38:42,9,66537.0,Check Exchange,,2001.6,Check Exchange,,82.48,Check Exchange,
2026-03-29,03:41:53,9,66686.0,Check Exchange,,2004.08,Check Exchange,,82.49,Check Exchange,
2026-03-29,11:20:02,9,66473.0,Check Exchange,,1994.98,Check Exchange,,81.8,Check Exchange,
2026-03-29,21:41:27,8,66594.0,Check Exchange,,2008.25,Check Exchange,,82.54,Check Exchange,
2026-03-30,04:14:05,8,67608.0,Check Exchange,,2059.52,Check Exchange,,84.35,Check Exchange,
2026-03-30,11:43:23,8,67332.0,Check Exchange,,2063.46,Check Exchange,,84.06,Check Exchange,
2026-03-30,21:35:29,11,67842.0,Check Exchange,,2072.1,Check Exchange,,83.78,Check Exchange,
2026-03-31,04:01:54,11,66744.0,Check Exchange,,2038.62,Check Exchange,,82.3,Check Exchange,
2026-03-31,11:44:22,11,67889.0,Check Exchange,,2100.32,Check Exchange,,81.74,Check Exchange,
2026-03-31,21:47:37,8,67608.0,Check Exchange,,2086.3,Check Exchange,,82.64,Check Exchange,
2026-04-01,04:06:49,8,68681.0,Check Exchange,,2137.91,Check Exchange,,83.66,Check Exchange,
2026-04-01,11:41:40,8,68881.0,Check Exchange,,2142.77,Check Exchange,,84.72,Check Exchange,
2026-04-01,21:31:58,12,66916.0,Check Exchange,,2083.26,Check Exchange,,78.7,Check Exchange,
2026-04-02,03:59:08,12,66461.0,Check Exchange,,2046.65,Check Exchange,,79.11,Check Exchange,
2026-04-02,11:41:50,12,67136.0,Check Exchange,,2068.13,Check Exchange,,79.39,Check Exchange,
2026-04-02,21:33:30,9,66395.0,Check Exchange,,2046.09,Check Exchange,,79.24,Check Exchange,
2026-04-03,03:56:37,9,66936.0,Check Exchange,,2059.89,Check Exchange,,79.75,Check Exchange,
2026-04-03,11:25:19,9,66941.0,Check Exchange,,2054.41,Check Exchange,,80.4,Check Exchange,
2026-04-03,21:25:15,11,66816.0,Check Exchange,,2048.44,Check Exchange,,80.16,Check Exchange,
2026-04-04,03:42:08,11,66963.0,Check Exchange,,2052.33,Check Exchange,,80.17,Check Exchange,
2026-04-04,11:19:50,11,67330.0,Check Exchange,,2053.79,Check Exchange,,80.94,Check Exchange,
2026-04-04,21:41:27,12,67131.0,Check Exchange,,2058.99,Check Exchange,,80.56,Check Exchange,
2026-04-05,03:45:23,12,66845.0,Check Exchange,,2037.52,Check Exchange,,79.65,Check Exchange,
2026-04-05,11:21:34,12,67331.0,Check Exchange,,2056.14,Check Exchange,,79.6,Check Exchange,
2026-04-05,21:42:19,13,69246.0,Check Exchange,,2134.96,Check Exchange,,82.58,Check Exchange,
2026-04-06,04:10:42,13,69260.0,Check Exchange,,2141.97,Check Exchange,,82.07,Check Exchange,
2026-04-06,11:32:55,13,69873.0,Check Exchange,,2157.91,Check Exchange,,82.04,Check Exchange,
2026-04-06,21:36:43,11,68520.0,Check Exchange,,2104.09,Check Exchange,,79.7,Check Exchange,
2026-04-07,04:04:16,11,68946.0,Check Exchange,,2115.25,Check Exchange,,80.14,Check Exchange,
2026-04-07,11:42:36,11,68310.0,Check Exchange,,2083.86,Check Exchange,,78.98,Check Exchange,
2026-04-07,21:37:40,17,71283.0,Check Exchange,,2231.67,Check Exchange,,84.48,Check Exchange,
2026-04-08,04:02:58,17,71805.0,Check Exchange,,2256.46,Check Exchange,,84.84,Check Exchange,
2026-04-08,11:48:45,17,71451.0,Check Exchange,,2216.79,Check Exchange,,83.32,Check Exchange,
2026-04-08,21:32:30,14,71027.0,Check Exchange,,2182.38,Check Exchange,,82.35,Check Exchange,
2026-04-09,04:09:27,14,71156.0,Check Exchange,,2180.04,Check Exchange,,82.38,Check Exchange,
2026-04-09,11:54:57,14,71890.0,Check Exchange,,2200.32,Check Exchange,,83.15,Check Exchange,
2026-04-09,21:43:16,16,72182.0,Check Exchange,,2196.15,Check Exchange,,83.41,Check Exchange,
2026-04-10,04:11:49,16,71669.0,Check Exchange,,2187.19,Check Exchange,,83.07,Check Exchange,
2026-04-10,11:37:41,16,72755.0,Check Exchange,,2239.57,Check Exchange,,84.6,Check Exchange,
2026-04-10,21:28:56,15,73028.0,Check Exchange,,2249.55,Check Exchange,,84.75,Check Exchange,
2026-04-11,03:45:35,15,72753.0,Check Exchange,,2233.86,Check Exchange,,84.4,Check Exchange,
2026-04-11,11:21:04,15,72916.0,Check Exchange,,2249.5,Check Exchange,,84.76,Check Exchange,
2026-04-11,21:47:31,16,71912.0,Check Exchange,,2226.78,Check Exchange,,82.65,Check Exchange,
2026-04-12,03:51:30,16,71649.0,Check Exchange,,2215.2,Check Exchange,,82.25,Check Exchange,
2026-04-12,11:23:19,16,70888.0,Check Exchange,,2186.13,Check Exchange,,81.63,Check Exchange,
2026-04-12,21:52:33,12,71055.0,Check Exchange,,2194.81,Check Exchange,,81.98,Check Exchange,
2026-04-13,04:56:15,12,70776.0,Check Exchange,,2187.96,Check Exchange,,81.88,Check Exchange,
2026-04-13,11:51:20,12,72358.0,Check Exchange,,2228.44,Check Exchange,,83.5,Check Exchange,
2026-04-13,21:44:53,21,74437.0,Check Exchange,,2372.91,Check Exchange,,86.2,Check Exchange,
2026-04-14,04:19:44,21,74829.0,Check Exchange,,2393.65,Check Exchange,,86.22,Check Exchange,
2026-04-14,11:52:50,21,75052.0,Check Exchange,,2346.86,Check Exchange,,85.35,Check Exchange,
2026-04-14,21:42:34,23,74244.0,Check Exchange,,2321.2,Check Exchange,,83.25,Check Exchange,
2026-04-15,04:21:06,23,74072.0,Check Exchange,,2325.77,Check Exchange,,83.14,Check Exchange,
2026-04-15,11:50:00,23,73891.0,Check Exchange,,2337.11,Check Exchange,,84.26,Check Exchange,
2026-04-15,21:50:12,23,75050.0,Check Exchange,,2361.8,Check Exchange,,85.29,Check Exchange,
2026-04-16,04:20:46,23,74824.0,Check Exchange,,2346.46,Check Exchange,,85.41,Check Exchange,
2026-04-16,12:00:24,23,74206.0,Check Exchange,,2316.83,Check Exchange,,85.97,Check Exchange,
2026-04-16,21:45:33,21,74722.0,Check Exchange,,2332.28,Check Exchange,,87.93,Check Exchange,
2026-04-17,04:19:31,21,75842.0,Check Exchange,,2354.93,Check Exchange,,88.81,Check Exchange,
2026-04-17,11:39:31,21,78208.0,Check Exchange,,2460.84,Check Exchange,,90.33,Check Exchange,
2026-04-17,21:35:59,26,77303.0,Check Exchange,,2421.2,Check Exchange,,88.96,Check Exchange,
2026-04-18,03:53:18,26,76690.0,Check Exchange,,2378.37,Check Exchange,,87.31,Check Exchange,
2026-04-18,11:23:54,26,76080.0,Check Exchange,,2370.81,Check Exchange,,86.9,Check Exchange,
2026-04-18,21:52:40,27,75601.0,Check Exchange,,2342.89,Check Exchange,,85.58,Check Exchange,
2026-04-19,03:55:57,27,75273.0,Check Exchange,,2320.3,Check Exchange,,84.84,Check Exchange,
2026-04-19,11:24:37,27,75652.0,Check Exchange,,2320.76,Check Exchange,,86.07,Check Exchange,
2026-04-19,21:53:25,29,74487.0,Check Exchange,,2280.97,Check Exchange,,84.26,Check Exchange,
2026-04-20,04:59:17,29,75083.0,Check Exchange,,2311.89,Check Exchange,,85.13,Check Exchange,
2026-04-20,11:50:23,29,75467.0,Check Exchange,,2305.89,Check Exchange,,85.53,Check Exchange,
2026-04-20,21:46:33,33,75678.0,Check Exchange,,2310.99,Check Exchange,,85.37,Check Exchange,
2026-04-21,04:40:59,33,76258.0,Check Exchange,,2323.08,Check Exchange,,85.67,Check Exchange,
2026-04-21,11:45:41,33,75936.0,Check Exchange,,2315.28,Check Exchange,,86.06,Check Exchange,
2026-04-21,21:44:54,32,77262.0,Check Exchange,,2362.44,Check Exchange,,87.36,Check Exchange,
2026-04-22,04:21:56,32,77994.0,Check Exchange,,2390.28,Check Exchange,,88.47,Check Exchange,
2026-04-22,11:46:27,32,78808.0,Check Exchange,,2389.74,Check Exchange,,87.84,Check Exchange,
2026-04-22,21:48:02,46,77903.0,Check Exchange,,2350.72,Check Exchange,,85.9,Check Exchange,
2026-04-23,04:45:13,46,77745.0,Check Exchange,,2326.23,Check Exchange,,85.63,Check Exchange,
2026-04-23,12:06:12,46,78035.0,Check Exchange,,2323.42,Check Exchange,,85.66,Check Exchange,
2026-04-23,21:49:14,39,78413.0,Check Exchange,,2329.84,Check Exchange,,86.1,Check Exchange,
2026-04-24,04:45:37,39,77566.0,Check Exchange,,2311.05,Check Exchange,,85.3,Check Exchange,
2026-04-24,11:42:17,39,77686.0,Check Exchange,,2315.64,Check Exchange,,86.31,Check Exchange,
2026-04-24,21:37:41,31,77644.0,Check Exchange,,2318.47,Check Exchange,,86.3,Check Exchange,
2026-04-25,03:54:55,31,77629.0,Check Exchange,,2319.51,Check Exchange,,86.61,Check Exchange,
2026-04-25,11:27:18,31,77435.0,Check Exchange,,2310.03,Check Exchange,,86.21,Check Exchange,
2026-04-25,21:54:56,33,77528.0,Check Exchange,,2316.08,Check Exchange,,86.3,Check Exchange,
2026-04-26,04:02:27,33,78039.0,Check Exchange,,2332.76,Check Exchange,,86.57,Check Exchange,
2026-04-26,11:27:36,33,78038.0,Check Exchange,,2347.14,Check Exchange,,86.51,Check Exchange,
2026-04-26,21:57:34,47,79207.0,Check Exchange,,2395.63,Check Exchange,,88.04,Check Exchange,
2026-04-27,05:17:27,47,77826.0,Check Exchange,,2321.94,Check Exchange,,85.5,Check Exchange,
2026-04-27,12:12:54,47,76662.0,Check Exchange,,2280.38,Check Exchange,,84.32,Check Exchange,
2026-04-27,22:26:30,33,76715.0,Check Exchange,,2283.67,Check Exchange,,84.03,Check Exchange,
2026-04-28,05:14:46,33,76526.0,Check Exchange,,2282.23,Check Exchange,,83.69,Check Exchange,
2026-04-28,12:26:23,33,76021.0,Check Exchange,,2282.71,Check Exchange,,83.44,Check Exchange,
2026-04-28,22:24:40,26,76850.0,Check Exchange,,2299.6,Check Exchange,,84.53,Check Exchange,
2026-04-29,05:06:20,26,77691.0,Check Exchange,,2340.91,Check Exchange,,85.33,Check Exchange,
2026-04-29,12:12:29,26,75934.0,Check Exchange,,2268.96,Check Exchange,,83.08,Check Exchange,
2026-04-29,22:25:44,29,75762.0,Check Exchange,,2244.29,Check Exchange,,82.89,Check Exchange,
2026-04-30,05:07:36,29,76096.0,Check Exchange,,2263.04,Check Exchange,,83.14,Check Exchange,
2026-04-30,12:06:09,29,76209.0,Check Exchange,,2256.31,Check Exchange,,83.0,Check Exchange,
2026-04-30,22:35:35,26,77195.0,Check Exchange,,2285.74,Check Exchange,,84.11,Check Exchange,
2026-05-01,04:47:09,26,77223.0,Check Exchange,,2281.58,Check Exchange,,83.97,Check Exchange,
2026-05-01,11:41:14,26,78320.0,Check Exchange,,2302.62,Check Exchange,,84.21,Check Exchange,
2026-05-01,21:51:44,39,78366.0,Check Exchange,,2300.08,Check Exchange,,83.94,Check Exchange,
2026-05-02,04:07:28,39,78283.0,Check Exchange,,2303.57,Check Exchange,,83.82,Check Exchange,
2026-05-02,11:33:33,39,78471.0,Check Exchange,,2307.84,Check Exchange,,84.08,Check Exchange,
2026-05-02,22:27:21,47,78108.0,Check Exchange,,2299.97,Check Exchange,,83.59,Check Exchange,
2026-05-03,04:22:22,47,78396.0,Check Exchange,,2308.47,Check Exchange,,83.91,Check Exchange,
2026-05-03,11:33:45,47,78662.0,Check Exchange,,2328.07,Check Exchange,,84.11,Check Exchange,
2026-05-03,22:26:00,40,80138.0,Check Exchange,,2382.44,Check Exchange,,85.35,Check Exchange,
2026-05-04,05:14:18,40,78725.0,Check Exchange,,2327.45,Check Exchange,,83.67,Check Exchange,
2026-05-04,12:18:07,40,80378.0,Check Exchange,,2362.89,Check Exchange,,84.79,Check Exchange,
2026-05-04,21:53:31,50,80583.0,Check Exchange,,2365.49,Check Exchange,,84.48,Check Exchange,
2026-05-05,05:03:40,50,80537.0,Check Exchange,,2368.04,Check Exchange,,84.5,Check Exchange,
2026-05-05,12:09:55,50,81238.0,Check Exchange,,2363.17,Check Exchange,,85.19,Check Exchange,
2026-05-05,22:22:56,46,81413.0,Check Exchange,,2370.04,Check Exchange,,87.06,Check Exchange,
2026-05-06,05:20:04,46,82101.0,Check Exchange,,2411.2,Check Exchange,,89.51,Check Exchange,
2026-05-06,12:18:20,46,81569.0,Check Exchange,,2356.59,Check Exchange,,89.11,Check Exchange,
2026-05-06,22:23:55,47,80918.0,Check Exchange,,2317.16,Check Exchange,,87.86,Check Exchange,
2026-05-07,05:24:50,47,80867.0,Check Exchange,,2325.21,Check Exchange,,89.09,Check Exchange,
2026-05-07,12:28:38,47,79623.0,Check Exchange,,2285.27,Check Exchange,,88.31,Check Exchange,
2026-05-07,22:21:11,38,79527.0,Check Exchange,,2276.86,Check Exchange,,88.09,Check Exchange,
2026-05-08,04:23:05,38,79988.0,Check Exchange,,2289.49,Check Exchange,,88.57,Check Exchange,
2026-05-08,11:58:53,38,79807.0,Check Exchange,,2289.43,Check Exchange,,89.6,Check Exchange,
2026-05-08,21:58:03,38,80413.0,Check Exchange,,2317.55,Check Exchange,,93.41,Check Exchange,
2026-05-09,04:20:07,38,80238.0,Check Exchange,,2311.78,Check Exchange,,93.28,Check Exchange,
2026-05-09,11:37:42,38,80616.0,Check Exchange,,2320.29,Check Exchange,,92.82,Check Exchange,
2026-05-09,22:30:11,47,80730.0,Check Exchange,,2325.15,Check Exchange,,93.1,Check Exchange,
2026-05-10,04:38:54,47,80762.0,Check Exchange,,2327.49,Check Exchange,,94.41,Check Exchange,
2026-05-10,11:38:43,47,81215.0,Check Exchange,,2344.77,Check Exchange,,94.39,Check Exchange,
2026-05-10,22:41:45,48,80598.0,Check Exchange,,2324.45,Check Exchange,,94.62,Check Exchange,
2026-05-11,06:22:46,48,81085.0,Check Exchange,,2333.46,Check Exchange,,95.17,Check Exchange,
2026-05-11,12:47:20,48,81970.0,Check Exchange,,2340.08,Check Exchange,,97.77,Check Exchange,
2026-05-11,22:28:51,49,81169.0,Check Exchange,,2311.4,Check Exchange,,96.22,Check Exchange,
2026-05-12,05:32:02,49,80689.0,Check Exchange,,2288.4,Check Exchange,,95.38,Check Exchange,
2026-05-12,12:50:36,49,80468.0,Check Exchange,,2275.24,Check Exchange,,94.52,Check Exchange,
2026-05-12,22:36:39,42,81077.0,Check Exchange,,2298.28,Check Exchange,,95.29,Check Exchange,
2026-05-13,05:28:30,42,81046.0,Check Exchange,,2311.89,Check Exchange,,95.22,Check Exchange,
2026-05-13,12:52:51,42,79428.0,Check Exchange,,2258.32,Check Exchange,,90.85,Check Exchange,
2026-05-13,22:35:54,34,79331.0,Check Exchange,,2249.79,Check Exchange,,90.5,Check Exchange,
2026-05-14,05:18:13,34,79625.0,Check Exchange,,2261.24,Check Exchange,,90.88,Check Exchange,
2026-05-14,12:28:51,34,81418.0,Check Exchange,,2298.83,Check Exchange,,92.45,Check Exchange,
2026-05-14,22:39:20,43,80992.0,Check Exchange,,2271.01,Check Exchange,,91.91,Check Exchange,
2026-05-15,05:24:34,43,80499.0,Check Exchange,,2255.62,Check Exchange,,91.06,Check Exchange,
2026-05-15,12:17:35,43,79234.0,Check Exchange,,2225.9,Check Exchange,,89.64,Check Exchange,
2026-05-15,22:23:34,31,79118.0,Check Exchange,,2228.64,Check Exchange,,89.18,Check Exchange,
2026-05-16,04:41:25,31,78103.0,Check Exchange,,2174.36,Check Exchange,,86.15,Check Exchange,
2026-05-16,11:40:59,31,78230.0,Check Exchange,,2175.2,Check Exchange,,86.64,Check Exchange,
2026-05-16,22:38:03,27,77999.0,Check Exchange,,2180.1,Check Exchange,,86.36,Check Exchange,
2026-05-17,04:47:27,27,78101.0,Check Exchange,,2187.31,Check Exchange,,86.72,Check Exchange,
2026-05-17,11:41:28,27,78097.0,Check Exchange,,2185.04,Check Exchange,,86.5,Check Exchange,
2026-05-17,22:52:51,28,76922.0,Check Exchange,,2118.75,Check Exchange,,84.91,Check Exchange,
2026-05-18,06:44:30,28,77280.0,Check Exchange,,2134.83,Check Exchange,,84.88,Check Exchange,
2026-05-18,12:49:35,28,76626.0,Check Exchange,,2106.69,Check Exchange,,84.32,Check Exchange,
2026-05-18,22:42:55,25,76747.0,Check Exchange,,2129.3,Check Exchange,,85.07,Check Exchange,
2026-05-19,06:18:49,25,76940.0,Check Exchange,,2116.79,Check Exchange,,84.63,Check Exchange,
2026-05-19,12:54:04,25,76762.0,Check Exchange,,2113.77,Check Exchange,,84.52,Check Exchange,
2026-05-19,22:45:11,27,76666.0,Check Exchange,,2110.01,Check Exchange,,84.05,Check Exchange,
2026-05-20,05:51:02,27,77482.0,Check Exchange,,2130.44,Check Exchange,,84.96,Check Exchange,
2026-05-20,13:06:56,27,77462.0,Check Exchange,,2137.51,Check Exchange,,86.42,Check Exchange,
2026-05-20,22:55:30,29,77949.0,Check Exchange,,2143.1,Check Exchange,,86.7,Check Exchange,
2026-05-21,06:26:59,29,77219.0,Check Exchange,,2114.72,Check Exchange,,85.72,Check Exchange,
2026-05-21,12:48:07,29,77787.0,Check Exchange,,2143.54,Check Exchange,,87.39,Check Exchange,
2026-05-21,22:51:48,28,77708.0,Check Exchange,,2135.9,Check Exchange,,86.91,Check Exchange,
2026-05-22,05:51:41,28,77237.0,Check Exchange,,2121.66,Check Exchange,,86.96,Check Exchange,
2026-05-22,12:29:50,28,76778.0,Check Exchange,,2119.16,Check Exchange,,86.55,Check Exchange,
2026-05-22,22:27:56,28,75513.0,Check Exchange,,2067.39,Check Exchange,,84.5,Check Exchange,
2026-05-23,04:54:39,28,74665.0,Check Exchange,,2027.34,Check Exchange,,81.96,Check Exchange,
2026-05-23,11:45:10,28,75434.0,Check Exchange,,2059.82,Check Exchange,,84.08,Check Exchange,
2026-05-23,22:49:04,25,76686.0,Check Exchange,,2115.68,Check Exchange,,85.63,Check Exchange,
2026-05-24,04:55:44,25,76899.0,Check Exchange,,2120.86,Check Exchange,,86.5,Check Exchange,
2026-05-24,11:47:00,25,76418.0,Check Exchange,,2095.51,Check Exchange,,85.21,Check Exchange,
2026-05-24,23:00:30,30,76946.0,Check Exchange,,2093.65,Check Exchange,,84.83,Check Exchange,
2026-05-25,06:53:21,30,77348.0,Check Exchange,,2115.73,Check Exchange,,85.78,Check Exchange,
2026-05-25,12:26:10,30,77573.0,Check Exchange,,2130.28,Check Exchange,,86.1,Check Exchange,
2026-05-25,22:43:58,34,76581.0,Check Exchange,,2090.16,Check Exchange,,84.08,Check Exchange,
2026-05-26,13:14:10,34,75879.0,Check Exchange,,2071.91,Check Exchange,,83.61,Check Exchange,
2026-05-26,23:00:02,25,75566.0,Check Exchange,,2067.68,Check Exchange,,83.5,Check Exchange,
2026-05-27,06:38:27,25,75746.0,Check Exchange,,2079.14,Check Exchange,,83.95,Check Exchange,
2026-05-27,13:14:57,25,74633.0,Check Exchange,,2044.0,Check Exchange,,83.28,Check Exchange,
2026-05-27,22:49:01,22,73398.0,Check Exchange,,1984.6,Check Exchange,,81.01,Check Exchange,
2026-05-28,06:39:00,22,73270.0,Check Exchange,,1986.04,Check Exchange,,80.61,Check Exchange,
2026-05-28,13:28:20,22,73538.0,Check Exchange,,2019.5,Check Exchange,,82.57,Check Exchange,
2026-05-28,22:50:24,23,73252.0,Check Exchange,,2000.55,Check Exchange,,81.52,Check Exchange,
2026-05-29,06:30:24,23,73475.0,Check Exchange,,2007.22,Check Exchange,,81.96,Check Exchange,
2026-05-29,13:24:17,23,73749.0,Check Exchange,,2021.81,Check Exchange,,82.64,Check Exchange,
2026-05-29,22:35:34,23,73531.0,Check Exchange,,2015.41,Check Exchange,,82.75,Check Exchange,
2026-05-30,05:01:08,23,73513.0,Check Exchange,,2014.22,Check Exchange,,82.24,Check Exchange,
2026-05-30,11:48:33,23,73821.0,Check Exchange,,2023.23,Check Exchange,,82.74,Check Exchange,
2026-05-30,23:01:52,28,74038.0,Check Exchange,,2030.56,Check Exchange,,83.11,Check Exchange,
2026-05-31,05:16:40,28,73740.0,Check Exchange,,2016.98,Check Exchange,,82.6,Check Exchange,
2026-05-31,11:51:57,28,73362.0,Check Exchange,,1997.54,Check Exchange,,81.37,Check Exchange,
2026-05-31,23:16:09,29,73509.0,Check Exchange,,2000.82,Check Exchange,,82.28,Check Exchange,
2026-06-01,08:36:30,29,71863.0,Check Exchange,,1978.56,Check Exchange,,80.31,Check Exchange,
2026-06-01,15:07:22,29,71445.0,Check Exchange,,1999.96,Check Exchange,,81.02,Check Exchange,
2026-06-01,23:09:27,23,70834.0,Check Exchange,,1999.99,Check Exchange,,80.76,Check Exchange,
2026-06-02,07:04:25,23,69377.0,Check Exchange,,1976.32,Check Exchange,,78.88,Check Exchange,
2026-06-02,14:33:24,23,66672.0,Check Exchange,,1897.27,Check Exchange,,75.31,Check Exchange,
2026-06-02,23:19:22,11,66313.0,Check Exchange,,1839.01,Check Exchange,,73.28,Check Exchange,
2026-06-03,07:41:55,11,66804.0,Check Exchange,,1868.42,Check Exchange,,74.85,Check Exchange,
2026-06-03,14:38:33,11,65615.0,Check Exchange,,1815.05,Check Exchange,,72.01,Check Exchange,
2026-06-03,23:13:45,12,64491.0,Check Exchange,,1812.55,Check Exchange,,71.53,Check Exchange,
2026-06-04,06:16:08,12,62203.0,Check Exchange,,1734.7,Check Exchange,,67.6,Check Exchange,
2026-06-04,13:05:11,12,63360.0,Check Exchange,,1764.2,Check Exchange,,69.11,Check Exchange,
2026-06-04,22:57:49,12,62721.0,Check Exchange,,1731.46,Check Exchange,,67.05,Check Exchange,
2026-06-05,06:29:07,12,62383.0,Check Exchange,,1675.17,Check Exchange,,66.43,Check Exchange,
2026-06-05,12:43:28,12,60900.0,Check Exchange,,1596.3,Check Exchange,,65.13,Check Exchange,
2026-06-05,22:39:47,12,60692.0,Check Exchange,,1564.3,Check Exchange,,62.99,Check Exchange,
2026-06-06,05:04:19,12,60750.0,Check Exchange,,1559.49,Check Exchange,,62.43,Check Exchange,
2026-06-06,11:54:37,12,60807.0,Check Exchange,,1563.61,Check Exchange,,62.09,Check Exchange,
2026-06-06,23:07:08,12,61585.0,Check Exchange,,1591.89,Check Exchange,,63.64,Check Exchange,
2026-06-07,05:30:12,12,62474.0,Check Exchange,,1632.64,Check Exchange,,64.93,Check Exchange,
2026-06-07,12:01:02,12,62034.0,Check Exchange,,1627.3,Check Exchange,,65.11,Check Exchange,
2026-06-07,23:11:41,8,62944.0,Check Exchange,,1668.62,Check Exchange,,65.95,Check Exchange,
2026-06-08,07:30:51,8,63014.0,Check Exchange,,1676.47,Check Exchange,,66.26,Check Exchange,
2026-06-08,13:15:27,8,63544.0,Check Exchange,,1686.94,Check Exchange,,67.42,Check Exchange,
2026-06-08,22:40:40,10,62698.0,Check Exchange,,1664.09,Check Exchange,,65.72,Check Exchange,
2026-06-09,06:16:17,10,62527.0,Check Exchange,,1668.23,Check Exchange,,66.15,Check Exchange,
2026-06-09,12:48:56,10,61630.0,Check Exchange,,1641.91,Check Exchange,,64.86,Check Exchange,
2026-06-09,22:54:53,9,61474.0,Check Exchange,,1628.7,Check Exchange,,64.47,Check Exchange,
2026-06-10,06:38:56,9,60960.0,Check Exchange,,1618.17,Check Exchange,,63.25,Check Exchange,
2026-06-10,13:21:42,9,61870.0,Check Exchange,,1627.59,Check Exchange,,63.8,Check Exchange,
2026-06-10,23:08:33,12,62524.0,Check Exchange,,1650.19,Check Exchange,,65.02,Check Exchange,
2026-06-11,07:10:09,12,62975.0,Check Exchange,,1659.75,Check Exchange,,65.66,Check Exchange,
2026-06-11,13:37:58,12,63378.0,Check Exchange,,1680.82,Check Exchange,,66.65,Check Exchange,
2026-06-11,23:10:07,12,63397.0,Check Exchange,,1669.26,Check Exchange,,66.83,Check Exchange,
2026-06-12,06:43:45,12,63675.0,Check Exchange,,1671.79,Check Exchange,,66.8,Check Exchange,
2026-06-12,12:55:16,12,63830.0,Check Exchange,,1669.14,Check Exchange,,67.38,Check Exchange,
2026-06-12,22:57:28,13,63519.0,Check Exchange,,1664.98,Check Exchange,,66.9,Check Exchange,
2026-06-13,05:29:52,13,63747.0,Check Exchange,,1672.92,Check Exchange,,67.37,Check Exchange,
2026-06-13,12:05:23,13,63952.0,Check Exchange,,1674.97,Check Exchange,,67.97,Check Exchange,
2026-06-13,23:16:12,18,64468.0,Check Exchange,,1680.15,Check Exchange,,68.83,Check Exchange,
2026-06-14,05:49:04,18,64535.0,Check Exchange,,1674.51,Check Exchange,,68.31,Check Exchange,
2026-06-14,12:04:30,18,63940.0,Check Exchange,,1662.04,Check Exchange,,67.48,Check Exchange,
2026-06-14,23:26:58,20,65703.0,Check Exchange,,1718.0,Check Exchange,,71.18,Check Exchange,
2026-06-15,08:56:00,20,66459.0,Check Exchange,,1812.84,Check Exchange,,73.65,Check Exchange,
2026-06-15,14:34:45,20,66616.0,Check Exchange,,1821.81,Check Exchange,,75.09,Check Exchange,
2026-06-15,23:22:53,23,66075.0,Check Exchange,,1773.11,Check Exchange,,73.65,Check Exchange,
2026-06-16,07:54:03,23,66346.0,Check Exchange,,1810.61,Check Exchange,,74.73,Check Exchange,
2026-06-16,14:24:50,23,65637.0,Check Exchange,,1794.56,Check Exchange,,73.73,Check Exchange,
2026-06-16,23:17:43,22,65782.0,Check Exchange,,1792.37,Check Exchange,,73.63,Check Exchange,
2026-06-17,07:16:44,22,64783.0,Check Exchange,,1762.55,Check Exchange,,72.19,Check Exchange,
2026-06-17,13:06:40,22,65259.0,Check Exchange,,1760.61,Check Exchange,,73.32,Check Exchange,
2026-06-17,23:09:51,15,64138.0,Check Exchange,,1736.68,Check Exchange,,71.42,Check Exchange,
2026-06-18,06:50:37,15,63865.0,Check Exchange,,1739.92,Check Exchange,,70.79,Check Exchange,
2026-06-18,13:18:49,15,62601.0,Check Exchange,,1676.67,Check Exchange,,68.32,Check Exchange,
2026-06-18,23:27:38,14,62695.0,Check Exchange,,1694.89,Check Exchange,,68.77,Check Exchange,
2026-06-19,07:06:21,14,62609.0,Check Exchange,,1692.34,Check Exchange,,68.28,Check Exchange,
2026-06-19,12:44:58,14,63011.0,Check Exchange,,1699.67,Check Exchange,,69.27,Check Exchange,
2026-06-19,22:52:41,23,63417.0,Check Exchange,,1706.89,Check Exchange,,69.98,Check Exchange,
2026-06-20,05:32:35,23,63614.0,Check Exchange,,1726.25,Check Exchange,,71.52,Check Exchange,
2026-06-20,12:11:32,23,63841.0,Check Exchange,,1728.55,Check Exchange,,71.41,Check Exchange,
2026-06-20,23:23:11,23,64412.0,Check Exchange,,1736.86,Check Exchange,,73.55,Check Exchange,
2026-06-21,06:16:22,23,64327.0,Check Exchange,,1730.23,Check Exchange,,73.81,Check Exchange,
2026-06-21,12:14:19,23,64143.0,Check Exchange,,1728.13,Check Exchange,,74.38,Check Exchange,
2026-06-21,23:25:41,20,63917.0,Check Exchange,,1731.76,Check Exchange,,73.56,Check Exchange,
2026-06-22,08:35:00,20,65026.0,Check Exchange,,1763.92,Check Exchange,,74.49,Check Exchange,
2026-06-22,14:00:36,20,64301.0,Check Exchange,,1732.6,Check Exchange,,72.7,Check Exchange,
2026-06-22,22:42:25,23,63915.0,Check Exchange,,1725.08,Check Exchange,,71.69,Check Exchange,
2026-06-23,06:17:12,23,62340.0,Check Exchange,,1654.45,Check Exchange,,68.89,Check Exchange,
2026-06-23,12:42:27,23,62525.0,Check Exchange,,1660.15,Check Exchange,,68.95,Check Exchange,
2026-06-23,22:45:54,17,62729.0,Check Exchange,,1666.46,Check Exchange,,69.63,Check Exchange,
2026-06-24,05:50:47,17,62473.0,Check Exchange,,1663.23,Check Exchange,,69.08,Check Exchange,
2026-06-24,12:45:02,17,59307.0,Check Exchange,,1567.83,Check Exchange,,65.3,Check Exchange,
2026-06-24,22:44:33,12,60677.0,Check Exchange,,1614.59,Check Exchange,,67.49,Check Exchange,
2026-06-25,05:42:57,12,61430.0,Check Exchange,,1638.61,Check Exchange,,68.41,Check Exchange,
2026-06-25,12:58:48,12,59479.0,Check Exchange,,1569.39,Check Exchange,,66.77,Check Exchange,
2026-06-25,22:53:54,13,59644.0,Check Exchange,,1549.64,Check Exchange,,67.78,Check Exchange,
2026-06-26,05:52:27,13,59349.0,Check Exchange,,1547.09,Check Exchange,,68.74,Check Exchange,
2026-06-26,12:26:45,13,60038.0,Check Exchange,,1583.1,Check Exchange,,72.34,Check Exchange,
2026-06-26,22:36:43,15,60246.0,Check Exchange,,1579.5,Check Exchange,,72.04,Check Exchange,
2026-06-27,05:09:39,15,60340.0,Check Exchange,,1580.63,Check Exchange,,71.77,Check Exchange,
2026-06-27,11:52:19,15,60721.0,Check Exchange,,1604.24,Check Exchange,,72.66,Check Exchange,
2026-06-27,23:00:05,18,60109.0,Check Exchange,,1572.46,Check Exchange,,70.75,Check Exchange,
2026-06-28,05:28:14,18,60022.0,Check Exchange,,1571.67,Check Exchange,,71.19,Check Exchange,
2026-06-28,11:53:54,18,59586.0,Check Exchange,,1568.44,Check Exchange,,71.31,Check Exchange,
2026-06-28,23:06:15,12,59908.0,Check Exchange,,1581.01,Check Exchange,,72.52,Check Exchange,
2026-06-29,07:35:51,12,60289.0,Check Exchange,,1586.07,Check Exchange,,73.77,Check Exchange,
2026-06-29,13:00:59,12,60331.0,Check Exchange,,1626.05,Check Exchange,,75.24,Check Exchange,
2026-06-29,22:50:22,15,59577.0,Check Exchange,,1586.36,Check Exchange,,74.28,Check Exchange,
2026-06-30,05:57:03,15,59248.0,Check Exchange,,1582.73,Check Exchange,,73.57,Check Exchange,
2026-06-30,12:44:35,15,58316.0,Check Exchange,,1569.02,Check Exchange,,73.32,Check Exchange,
2026-06-30,23:04:00,11,58997.0,Check Exchange,,1589.3,Check Exchange,,75.34,Check Exchange,
2026-07-01,06:24:28,11,58624.0,Check Exchange,,1571.94,Check Exchange,,75.06,Check Exchange,
2026-07-01,12:44:13,11,60107.0,Check Exchange,,1620.38,Check Exchange,,77.66,Check Exchange,
2026-07-01,22:44:28,19,60693.0,Check Exchange,,1631.48,Check Exchange,,78.39,Check Exchange,
2026-07-02,05:41:17,19,61199.0,Check Exchange,,1644.81,Check Exchange,,80.6,Check Exchange,
2026-07-02,12:22:01,19,61766.0,Check Exchange,,1699.93,Check Exchange,,80.93,Check Exchange,
2026-07-02,22:25:53,21,61486.0,Check Exchange,,1708.96,Check Exchange,,80.65,Check Exchange,
2026-07-03,05:36:31,21,61693.0,Check Exchange,,1734.32,Check Exchange,,81.03,Check Exchange,
2026-07-03,12:07:48,21,62132.0,Check Exchange,,1733.02,Check Exchange,,81.46,Check Exchange,
2026-07-03,22:18:57,22,62510.0,Check Exchange,,1748.01,Check Exchange,,82.24,Check Exchange,
2026-07-04,05:10:23,22,62417.0,Check Exchange,,1758.07,Check Exchange,,81.71,Check Exchange,
2026-07-04,11:47:51,22,62844.0,Check Exchange,,1786.04,Check Exchange,,82.16,Check Exchange,
2026-07-04,22:35:18,23,62640.0,Check Exchange,,1757.83,Check Exchange,,80.35,Check Exchange,
2026-07-05,05:13:47,23,62654.0,Check Exchange,,1758.85,Check Exchange,,79.93,Check Exchange,
2026-07-05,11:50:50,23,62582.0,Check Exchange,,1769.93,Check Exchange,,80.9,Check Exchange,
2026-07-05,22:42:07,24,63210.0,Check Exchange,,1777.07,Check Exchange,,80.63,Check Exchange,
2026-07-06,07:04:51,24,62016.0,Check Exchange,,1751.48,Check Exchange,,80.23,Check Exchange,
2026-07-06,13:01:16,24,63541.0,Check Exchange,,1786.92,Check Exchange,,81.59,Check Exchange,
2026-07-06,22:34:02,27,63279.0,Check Exchange,,1773.93,Check Exchange,,81.15,Check Exchange,
2026-07-07,05:57:09,27,63197.0,Check Exchange,,1773.1,Check Exchange,,80.97,Check Exchange,
2026-07-07,12:47:54,27,64129.0,Check Exchange,,1805.18,Check Exchange,,82.59,Check Exchange,
2026-07-07,21:49:39,20,62968.0,Check Exchange,,1756.63,Check Exchange,,78.93,Check Exchange,
2026-07-08,05:19:20,20,61940.0,Check Exchange,,1734.41,Check Exchange,,76.99,Check Exchange,
2026-07-08,12:14:43,20,62034.0,Check Exchange,,1733.7,Check Exchange,,77.11,Check Exchange,
2026-07-08,22:27:11,22,61872.0,Check Exchange,,1727.77,Check Exchange,,76.92,Check Exchange,
2026-07-09,05:54:57,22,62699.0,Check Exchange,,1746.46,Check Exchange,,77.75,Check Exchange,
2026-07-09,12:44:00,22,62963.0,Check Exchange,,1748.06,Check Exchange,,77.86,Check Exchange,
2026-07-09,22:30:00,23,63811.0,Check Exchange,,1769.72,Check Exchange,,78.79,Check Exchange,
2026-07-10,05:54:43,23,64398.0,Check Exchange,,1796.23,Check Exchange,,79.42,Check Exchange,
2026-07-10,12:38:05,23,63857.0,Check Exchange,,1788.85,Check Exchange,,77.68,Check Exchange,
2026-07-10,21:45:53,26,64092.0,Check Exchange,,1793.34,Check Exchange,,77.65,Check Exchange,
2026-07-11,04:38:06,26,64191.0,Check Exchange,,1797.18,Check Exchange,,77.94,Check Exchange,
2026-07-11,11:38:54,26,64119.0,Check Exchange,,1817.03,Check Exchange,,77.95,Check Exchange,
2026-07-11,21:54:11,26,64040.0,Check Exchange,,1803.9,Check Exchange,,76.75,Check Exchange,
2026-07-12,04:50:59,26,63951.0,Check Exchange,,1802.03,Check Exchange,,76.8,Check Exchange,
2026-07-12,11:41:00,26,64062.0,Check Exchange,,1818.04,Check Exchange,,77.39,Check Exchange,
2026-07-12,21:55:29,28,63355.0,Check Exchange,,1807.98,Check Exchange,,76.51,Check Exchange,
2026-07-13,06:11:47,28,63054.0,Check Exchange,,1782.54,Check Exchange,,76.41,Check Exchange,
2026-07-13,12:46:27,28,62028.0,Check Exchange,,1765.96,Check Exchange,,74.98,Check Exchange,
2026-07-13,21:36:30,22,62362.0,Check Exchange,,1776.93,Check Exchange,,74.85,Check Exchange,
2026-07-14,04:58:41,22,62557.0,Check Exchange,,1783.53,Check Exchange,,74.97,Check Exchange,
2026-07-14,11:58:01,22,64736.0,Check Exchange,,1873.1,Check Exchange,,77.34,Check Exchange,
2026-07-14,21:34:58,25,64453.0,Check Exchange,,1864.33,Check Exchange,,77.09,Check Exchange,
2026-07-15,05:03:09,25,64651.0,Check Exchange,,1879.56,Check Exchange,,77.41,Check Exchange,
2026-07-15,12:00:30,25,65008.0,Check Exchange,,1916.66,Check Exchange,,77.53,Check Exchange,
2026-07-15,21:43:07,25,64569.0,Check Exchange,,1920.05,Check Exchange,,76.98,Check Exchange,
2026-07-16,05:08:53,25,64069.0,Check Exchange,,1884.81,Check Exchange,,76.02,Check Exchange,
2026-07-16,11:58:29,25,64470.0,Check Exchange,,1878.8,Check Exchange,,76.23,Check Exchange,
2026-07-16,21:45:34,27,63401.0,Check Exchange,,1845.05,Check Exchange,,74.81,Check Exchange,
2026-07-17,04:57:26,27,62935.0,Check Exchange,,1833.54,Check Exchange,,74.64,Check Exchange,
2026-07-17,11:55:19,27,63587.0,Check Exchange,,1836.48,Check Exchange,,74.95,Check Exchange,
2026-07-17,21:36:22,25,63972.0,Check Exchange,,1843.7,Check Exchange,,75.31,Check Exchange,
2026-07-18,04:26:07,25,63914.0,Check Exchange,,1842.48,Check Exchange,,74.73,Check Exchange,
2026-07-18,11:40:20,25,64110.0,Check Exchange,,1843.2,Check Exchange,,75.03,Check Exchange,
2026-07-18,21:51:24,28,64809.0,Check Exchange,,1870.9,Check Exchange,,76.03,Check Exchange,
2026-07-19,04:51:56,28,64497.0,Check Exchange,,1866.22,Check Exchange,,75.94,Check Exchange,
2026-07-19,11:40:24,28,64511.0,Check Exchange,,1866.45,Check Exchange,,75.95,Check Exchange,
2026-07-19,22:19:57,29,64803.0,Check Exchange,,1878.64,Check Exchange,,76.89,Check Exchange,
2026-07-20,05:52:28,29,64267.0,Check Exchange,,1867.7,Check Exchange,,76.4,Check Exchange,
2026-07-20,12:14:01,29,65431.0,Check Exchange,,1898.61,Check Exchange,,77.58,Check Exchange,
2026-07-20,21:48:15,25,65299.0,Check Exchange,,1910.16,Check Exchange,,77.91,Check Exchange,
2026-07-21,05:25:27,25,66307.0,Check Exchange,,1941.35,Check Exchange,,78.31,Check Exchange,
2026-07-21,12:03:51,25,66508.0,Check Exchange,,1926.34,Check Exchange,,78.15,Check Exchange,
2026-07-21,21:46:01,33,66323.0,Check Exchange,,1928.53,Check Exchange,,78.19,Check Exchange,
2026-07-22,05:25:16,33,65908.0,Check Exchange,,1923.83,Check Exchange,,77.47,Check Exchange,
2026-07-22,12:04:12,33,66194.0,Check Exchange,,1948.08,Check Exchange,,78.51,Check Exchange,
2026-07-22,21:52:00,31,65750.0,Check Exchange,,1925.29,Check Exchange,,77.6,Check Exchange,
2026-07-23,05:23:09,31,65657.0,Check Exchange,,1924.97,Check Exchange,,77.52,Check Exchange,
2026-07-23,12:06:42,31,64735.0,Check Exchange,,1886.93,Check Exchange,,75.96,Check Exchange,
2026-07-23,21:46:50,28,65008.0,Check Exchange,,1869.94,Check Exchange,,75.52,Check Exchange,
2026-07-24,05:18:28,28,64968.0,Check Exchange,,1883.47,Check Exchange,,75.45,Check Exchange,
2026-07-24,12:17:29,28,63903.0,Check Exchange,,1856.2,Check Exchange,,73.9,Check Exchange,
2026-07-24,21:45:38,27,64000.0,Check Exchange,,1860.04,Check Exchange,,74.12,Check Exchange,
2026-07-25,04:47:55,27,63881.0,Check Exchange,,1855.47,Check Exchange,,73.92,Check Exchange,
2026-07-25,11:41:01,27,64138.0,Check Exchange,,1866.16,Check Exchange,,74.28,Check Exchange,
2026-07-25,21:54:39,26,64455.0,Check Exchange,,1879.22,Check Exchange,,74.83,Check Exchange,
2026-07-26,05:02:56,26,64458.0,Check Exchange,,1881.52,Check Exchange,,75.0,Check Exchange,
2026-07-26,11:41:50,26,64776.0,Check Exchange,,1918.68,Check Exchange,,75.64,Check Exchange,
2026-07-26,22:19:26,30,65239.0,Check Exchange,,1944.28,Check Exchange,,76.41,Check Exchange,
2026-07-27,06:22:40,30,65213.0,Check Exchange,,1963.34,Check Exchange,,76.59,Check Exchange,
2026-07-27,12:25:28,30,64966.0,Check Exchange,,1942.33,Check Exchange,,76.03,Check Exchange,
2026-07-27,21:38:03,29,63167.0,Check Exchange,,1876.36,Check Exchange,,73.32,Check Exchange,
2026-07-28,05:35:34,29,63322.0,Check Exchange,,1875.86,Check Exchange,,73.17,Check Exchange,
2026-07-28,12:14:25,29,63765.0,Check Exchange,,1912.07,Check Exchange,,74.11,Check Exchange,
2026-07-28,21:45:05,29,63983.0,Check Exchange,,1912.86,Check Exchange,,73.8,Check Exchange,
2026-07-29,05:39:20,29,64553.0,Check Exchange,,1917.21,Check Exchange,,73.97,Check Exchange,
2026-07-29,12:00:14,29,63721.0,Check Exchange,,1892.64,Check Exchange,,73.16,Check Exchange,
2026-07-29,21:30:27,28,64269.0,Check Exchange,,1913.88,Check Exchange,,73.93,Check Exchange,
2026-07-30,05:24:44,28,64545.0,Check Exchange,,1917.41,Check Exchange,,74.03,Check Exchange,
2026-07-30,12:11:46,28,64783.0,Check Exchange,,1916.8,Check Exchange,,74.49,Check Exchange,
2026-07-30,21:55:37,25,64263.0,Check Exchange,,1903.53,Check Exchange,,74.13,Check Exchange,
2026-07-31,05:39:37,25,63809.0,Check Exchange,,1886.06,Check Exchange,,73.51,Check Exchange,
2026-07-31,12:14:27,25,62813.0,Check Exchange,,1865.73,Check Exchange,,73.25,Check Exchange,
2026-07-31,21:54:58,27,63005.0,Check Exchange,,1866.68,Check Exchange,,73.0,Check Exchange,
2026-08-01,04:59:42,27,63010.0,Check Exchange,,1866.84,Check Exchange,,72.84,Check Exchange,
2026-08-01,11:43:12,27,62931.0,Check Exchange,,1870.19,Check Exchange,,72.83,Check Exchange,
2026-08-01,21:53:57,27,63347.0,Check Exchange,,1874.07,Check Exchange,,72.98,Check Exchange,
2026-08-02,04:57:23,27,63215.0,Check Exchange,,1869.6,Check Exchange,,73.34,Check Exchange,
2026-08-02,11:41:58,27,63137.0,Check Exchange,,1860.66,Check Exchange,,73.11,Check Exchange,
2026-08-02,21:55:08,28,63103.0,Check Exchange,,1864.05,Check Exchange,,72.99,Check Exchange,
2026-08-03,06:23:35,28,62666.0,Check Exchange,,1844.19,Check Exchange,,72.5,Check Exchange,
2026-08-03,12:37:40,28,63788.0,Check Exchange,,1866.95,Check Exchange,,73.59,Check Exchange,
2026-08-03,21:39:37,25,63832.0,Check Exchange,,1866.44,Check Exchange,,73.92,Check Exchange,
2026-08-04,05:39:32,25,63423.0,Check Exchange,,1854.54,Check Exchange,,73.06,Check Exchange,
2026-08-04,12:26:07,25,64040.0,Check Exchange,,1871.94,Check Exchange,,73.99,Check Exchange,
2026-08-04,21:37:32,27,64426.0,Check Exchange,,1874.74,Check Exchange,,74.21,Check Exchange,
2026-08-05,05:35:22,27,64137.0,Check Exchange,,1871.49,Check Exchange,,73.98,Check Exchange,
2026-08-05,12:14:52,27,64575.0,Check Exchange,,1893.52,Check Exchange,,74.17,Check Exchange,
2026-08-05,21:40:20,25,64441.0,Check Exchange,,1894.75,Check Exchange,,73.35,Check Exchange,
2026-08-06,05:39:38,25,64589.0,Check Exchange,,1902.37,Check Exchange,,73.33,Check Exchange,
2026-08-06,21:43:10,29,64251.0,Check Exchange,,1898.81,Check Exchange,,72.56,Check Exchange,
2026-08-07,03:59:28,29,64538.0,Check Exchange,,1908.72,Check Exchange,,73.12,Check Exchange,
2026-08-07,11:37:51,29,64906.0,Check Exchange,,1913.92,Check Exchange,,73.82,Check Exchange,
2026-08-07,20:43:42,30,64898.0,Check Exchange,,1914.19,Check Exchange,,73.86,Check Exchange,
2026-08-08,03:41:28,30,64967.0,Check Exchange,,1915.82,Check Exchange,,74.81,Check Exchange,
2026-08-08,11:16:29,30,65042.0,Check Exchange,,1921.97,Check Exchange,,76.32,Check Exchange,
2026-08-08,20:49:41,31,64843.0,Check Exchange,,1914.68,Check Exchange,,75.83,Check Exchange,
2026-08-09,03:42:41,31,64796.0,Check Exchange,,1916.38,Check Exchange,,76.2,Check Exchange,
2026-08-09,11:17:49,31,65190.0,Check Exchange,,1923.53,Check Exchange,,77.26,Check Exchange,
2026-08-09,20:54:21,30,65200.0,Check Exchange,,1925.42,Check Exchange,,76.95,Check Exchange,
2026-08-10,04:21:39,30,65162.0,Check Exchange,,1924.56,Check Exchange,,76.94,Check Exchange,
2026-08-10,11:38:54,30,64059.0,Check Exchange,,1873.31,Check Exchange,,75.76,Check Exchange,
2026-08-10,20:49:58,29,63948.0,Check Exchange,,1874.58,Check Exchange,,75.88,Check Exchange,
2026-08-11,03:56:48,29,64075.0,Check Exchange,,1877.6,Check Exchange,,75.9,Check Exchange,
2026-08-11,11:42:11,29,63500.0,Check Exchange,,1862.85,Check Exchange,,74.88,Check Exchange,
2026-08-11,21:02:46,27,63770.0,Check Exchange,,1883.53,Check Exchange,,76.38,Check Exchange,
2026-08-12,04:11:24,27,63779.0,Check Exchange,,1890.82,Check Exchange,,76.22,Check Exchange,
2026-08-12,11:42:15,27,63484.0,Check Exchange,,1891.97,Check Exchange,,75.63,Check Exchange,
2026-08-12,21:04:39,29,63400.0,Check Exchange,,1876.41,Check Exchange,,75.56,Check Exchange,
2026-08-13,04:12:08,29,63626.0,Check Exchange,,1883.94,Check Exchange,,76.02,Check Exchange,
2026-08-13,11:41:12,29,63143.0,Check Exchange,,1870.64,Check Exchange,,75.38,Check Exchange,
2026-08-13,21:02:53,29,63511.0,Check Exchange,,1887.46,Check Exchange,,76.02,Check Exchange,
2026-08-14,04:06:52,29,62836.0,Check Exchange,,1874.98,Check Exchange,,75.72,Check Exchange,
2026-08-14,11:36:56,29,63090.0,Check Exchange,,1883.41,Check Exchange,,75.53,Check Exchange,
2026-08-14,20:17:46,34,62956.0,Check Exchange,,1880.84,Check Exchange,,75.31,Check Exchange,
2026-08-15,03:28:54,34,62994.0,Check Exchange,,1879.41,Check Exchange,,75.21,Check Exchange,
2026-08-15,11:08:11,34,63031.0,Check Exchange,,1883.03,Check Exchange,,75.43,Check Exchange,
2026-08-15,20:22:25,34,62998.0,Check Exchange,,1879.12,Check Exchange,,75.33,Check Exchange,
2026-08-16,03:29:17,34,63023.0,Check Exchange,,1879.23,Check Exchange,,75.39,Check Exchange,
2026-08-16,11:08:53,34,63082.0,Check Exchange,,1882.53,Check Exchange,,75.49,Check Exchange,
2026-08-16,20:19:18,31,62993.0,Check Exchange,,1888.16,Check Exchange,,75.09,Check Exchange,
2026-08-17,03:43:09,31,63335.0,Check Exchange,,1891.82,Check Exchange,,75.27,Check Exchange,
2026-08-17,11:11:46,31,64074.0,Check Exchange,,1908.7,Check Exchange,,76.02,Check Exchange,
2026-08-17,20:16:44,41,64293.0,Check Exchange,,1906.58,Check Exchange,,75.9,Check Exchange,
2026-08-18,03:36:49,41,64194.0,Check Exchange,,1897.48,Check Exchange,,75.91,Check Exchange,
2026-08-18,11:15:26,41,64710.0,Check Exchange,,1913.64,Check Exchange,,77.03,Check Exchange,
2026-08-18,20:18:27,46,64471.0,Check Exchange,,1914.49,Check Exchange,,76.9,Check Exchange,
2026-08-19,03:37:19,46,64327.0,Check Exchange,,1917.76,Check Exchange,,77.14,Check Exchange,
2026-08-19,11:15:31,46,68554.0,Check Exchange,,2087.2,Check Exchange,,81.81,Check Exchange,
2026-08-19,20:17:31,62,69350.0,Check Exchange,,2257.35,Check Exchange,,84.79,Check Exchange,
2026-08-20,03:38:20,62,71200.0,Check Exchange,,2267.42,Check Exchange,,87.4,Check Exchange,
2026-08-20,11:18:09,62,72317.0,Check Exchange,,2319.99,Check Exchange,,87.12,Check Exchange,
2026-08-20,20:21:26,72,74616.0,Check Exchange,,2355.33,Check Exchange,,88.74,Check Exchange,
2026-08-21,03:40:14,72,77505.0,Check Exchange,,2396.93,Check Exchange,,91.75,Check Exchange,
2026-08-21,11:16:26,72,76872.0,Check Exchange,,2385.65,Check Exchange,,90.86,Check Exchange,
2026-08-21,20:17:03,71,78119.0,Check Exchange,,2522.08,Check Exchange,,94.12,Check Exchange,
2026-08-22,03:30:17,71,77163.0,Check Exchange,,2426.08,Check Exchange,,93.82,Check Exchange,
2026-08-22,11:08:26,71,77008.0,Check Exchange,,2413.99,Check Exchange,,93.35,Check Exchange,
2026-08-22,20:23:40,66,77309.0,Check Exchange,,2429.92,Check Exchange,,95.93,Check Exchange,
2026-08-23,03:30:10,66,76231.0,Check Exchange,,2406.34,Check Exchange,,92.84,Check Exchange,
2026-08-23,11:09:15,66,77217.0,Check Exchange,,2442.21,Check Exchange,,95.29,Check Exchange,
2026-08-23,20:21:28,73,77404.0,Check Exchange,,2451.32,Check Exchange,,94.82,Check Exchange,
2026-08-24,03:48:30,73,77082.0,Check Exchange,,2451.05,Check Exchange,,93.87,Check Exchange,
2026-08-24,11:20:04,73,79723.0,Check Exchange,,2501.9,Check Exchange,,97.19,Check Exchange,
2026-08-24,20:19:02,74,79647.0,Check Exchange,,2489.74,Check Exchange,,101.57,Check Exchange,
2026-08-25,03:42:00,74,80008.0,Check Exchange,,2487.69,Check Exchange,,100.48,Check Exchange,
2026-08-25,11:21:10,74,79237.0,Check Exchange,,2476.0,Check Exchange,,98.24,Check Exchange,
2026-08-25,20:22:07,65,78835.0,Check Exchange,,2455.58,Check Exchange,,96.98,Check Exchange,
2026-08-26,03:43:02,65,78900.0,Check Exchange,,2461.23,Check Exchange,,97.08,Check Exchange,
2026-08-26,11:39:14,65,78044.0,Check Exchange,,2450.14,Check Exchange,,95.81,Check Exchange,
2026-08-27,03:03:49,71,79098.0,Check Exchange,,2499.44,Check Exchange,,101.76,Check Exchange,
2026-08-27,13:55:28,71,80000.0,Check Exchange,,2499.56,Check Exchange,,107.63,Check Exchange,
2026-08-27,19:38:58,73,80431.0,Check Exchange,,2515.04,Check Exchange,,109.52,Check Exchange,
2026-08-28,05:06:34,73,79234.0,Check Exchange,,2486.13,Check Exchange,,105.65,Check Exchange,
2026-08-28,14:56:18,73,77432.0,Check Exchange,,2431.75,Check Exchange,,103.49,Check Exchange,
2026-08-28,19:11:11,68,77850.0,Check Exchange,,2444.42,Check Exchange,,104.35,Check Exchange,
2026-08-29,01:05:01,68,77570.0,Check Exchange,,2436.74,Check Exchange,,103.77,Check Exchange,
2026-08-29,08:39:27,68,77683.0,Check Exchange,,2435.15,Check Exchange,,103.81,Check Exchange,
2026-08-29,13:56:38,68,78210.0,Check Exchange,,2454.0,Check Exchange,,105.19,Check Exchange,
2026-08-29,23:12:47,69,78150.0,Check Exchange,,2456.83,Check Exchange,,104.97,Check Exchange,
2026-08-30,08:36:40,69,78692.0,Check Exchange,,2466.82,Check Exchange,,106.58,Check Exchange,
2026-08-30,13:51:54,69,79060.0,Check Exchange,,2512.95,Check Exchange,,106.68,Check Exchange,
2026-08-30,23:17:48,62,77574.0,Check Exchange,,2414.07,Check Exchange,,101.37,Check Exchange,
2026-08-31,10:54:10,62,78619.0,Check Exchange,,2471.82,Check Exchange,,103.07,Check Exchange,
2026-08-31,16:08:37,62,78751.0,Check Exchange,,2469.77,Check Exchange,,103.37,Check Exchange,
2026-08-31,23:03:07,69,78677.0,Check Exchange,,2471.93,Check Exchange,,103.65,Check Exchange,
2026-09-01,08:10:08,69,77738.0,Check Exchange,,2435.55,Check Exchange,,101.6,Check Exchange,
2026-09-01,13:54:47,69,76879.0,Check Exchange,,2403.16,Check Exchange,,99.37,Check Exchange,
2026-09-01,22:24:53,63,77509.0,Check Exchange,,2416.96,Check Exchange,,100.38,Check Exchange,
2026-09-02,07:36:03,63,76878.0,Check Exchange,,2383.71,Check Exchange,,98.09,Check Exchange,
2026-09-02,14:00:08,63,77334.0,Check Exchange,,2393.77,Check Exchange,,99.44,Check Exchange,
2026-09-02,22:26:36,65,77743.0,Check Exchange,,2403.81,Check Exchange,,100.83,Check Exchange,
2026-09-03,07:38:50,65,78192.0,Check Exchange,,2413.46,Check Exchange,,101.04,Check Exchange,
2026-09-03,13:55:39,65,81108.0,Check Exchange,,2508.39,Check Exchange,,105.14,Check Exchange,
2026-09-03,22:24:12,74,80929.0,Check Exchange,,2511.35,Check Exchange,,103.92,Check Exchange,
2026-09-04,07:32:54,74,80440.0,Check Exchange,,2486.38,Check Exchange,,102.16,Check Exchange,
2026-09-04,13:36:30,74,79616.0,Check Exchange,,2450.23,Check Exchange,,101.6,Check Exchange,
2026-09-04,22:26:21,73,79603.0,Check Exchange,,2453.54,Check Exchange,,101.92,Check Exchange,
2026-09-05,06:41:23,73,79636.0,Check Exchange,,2454.06,Check Exchange,,102.3,Check Exchange,
2026-09-05,12:44:58,73,80007.0,Check Exchange,,2476.19,Check Exchange,,103.72,Check Exchange,
2026-09-05,22:26:47,73,79949.0,Check Exchange,,2505.21,Check Exchange,,105.06,Check Exchange,
2026-09-06,06:59:23,73,79911.0,Check Exchange,,2501.1,Check Exchange,,106.37,Check Exchange,
2026-09-06,12:48:32,73,79736.0,Check Exchange,,2491.97,Check Exchange,,106.06,Check Exchange,
2026-09-06,22:26:14,71,79817.0,Check Exchange,,2509.29,Check Exchange,,105.38,Check Exchange,
2026-09-07,09:01:40,71,79343.0,Check Exchange,,2498.25,Check Exchange,,105.08,Check Exchange,
2026-09-07,14:26:35,71,79216.0,Check Exchange,,2492.02,Check Exchange,,104.11,Check Exchange,
2026-09-07,22:32:20,69,78825.0,Check Exchange,,2481.95,Check Exchange,,102.97,Check Exchange,
2026-09-08,07:39:37,69,78388.0,Check Exchange,,2472.9,Check Exchange,,103.06,Check Exchange,
2026-09-08,14:01:48,69,78415.0,Check Exchange,,2486.04,Check Exchange,,103.36,Check Exchange,
2026-09-08,22:36:34,66,78584.0,Check Exchange,,2488.26,Check Exchange,,103.13,Check Exchange,
2026-09-09,07:46:36,66,79519.0,Check Exchange,,2507.27,Check Exchange,,104.59,Check Exchange,
2026-09-09,13:53:38,66,78495.0,Check Exchange,,2487.36,Check Exchange,,103.56,Check Exchange,
2026-09-09,22:34:10,69,78352.0,Check Exchange,,2475.77,Check Exchange,,101.85,Check Exchange,
2026-09-10,07:44:36,69,77157.0,Check Exchange,,2437.21,Check Exchange,,100.1,Check Exchange,
2026-09-10,13:44:13,69,77122.0,Check Exchange,,2462.25,Check Exchange,,99.48,Check Exchange,
2026-09-10,22:32:12,56,76788.0,Check Exchange,,2442.54,Check Exchange,,99.2,Check Exchange,
2026-09-11,07:39:17,56,77289.0,Check Exchange,,2475.07,Check Exchange,,100.52,Check Exchange,
2026-09-11,13:47:46,56,77125.0,Check Exchange,,2544.71,Check Exchange,,101.45,Check Exchange,
2026-09-11,22:37:08,63,77262.0,Check Exchange,,2512.69,Check Exchange,,101.68,Check Exchange,
2026-09-12,06:59:40,63,77339.0,Check Exchange,,2535.08,Check Exchange,,102.08,Check Exchange,
2026-09-12,12:54:53,63,77180.0,Check Exchange,,2524.75,Check Exchange,,102.04,Check Exchange,
2026-09-12,22:43:47,61,77196.0,Check Exchange,,2520.29,Check Exchange,,101.86,Check Exchange,
2026-09-13,08:08:44,61,76683.0,Check Exchange,,2474.68,Check Exchange,,99.63,Check Exchange,
2026-09-13,13:22:42,61,77331.0,Check Exchange,,2506.29,Check Exchange,,101.07,Check Exchange,
2026-09-13,22:52:21,57,77481.0,Check Exchange,,2508.53,Check Exchange,,100.78,Check Exchange,
2026-09-14,09:47:04,57,78452.0,Check Exchange,,2502.38,Check Exchange,,101.64,Check Exchange,
2026-09-14,14:58:12,57,79024.0,Check Exchange,,2541.23,Check Exchange,,103.07,Check Exchange,
2026-09-14,22:52:01,69,77733.0,Check Exchange,,2502.04,Check Exchange,,101.61,Check Exchange,
2026-09-15,08:12:15,69,77003.0,Check Exchange,,2480.29,Check Exchange,,101.22,Check Exchange,
2026-09-15,14:18:26,69,75943.0,Check Exchange,,2403.95,Check Exchange,,98.22,Check Exchange,
2026-09-15,22:49:10,51,75740.0,Check Exchange,,2400.29,Check Exchange,,97.05,Check Exchange,
2026-09-16,08:11:59,51,75692.0,Check Exchange,,2398.27,Check Exchange,,97.11,Check Exchange,
2026-09-16,14:08:32,51,75959.0,Check Exchange,,2409.45,Check Exchange,,98.33,Check Exchange,
2026-09-16,22:54:25,50,76393.0,Check Exchange,,2434.12,Check Exchange,,99.85,Check Exchange,
2026-09-17,08:05:54,50,76774.0,Check Exchange,,2460.11,Check Exchange,,100.77,Check Exchange,
2026-09-17,14:20:24,50,76465.0,Check Exchange,,2448.8,Check Exchange,,100.7,Check Exchange,
2026-09-17,22:41:43,56,77273.0,Check Exchange,,2468.46,Check Exchange,,103.98,Check Exchange,
2026-09-18,07:45:40,56,78096.0,Check Exchange,,2505.49,Check Exchange,,105.92,Check Exchange,
2026-09-18,13:40:31,56,81043.0,Check Exchange,,2622.09,Check Exchange,,112.73,Check Exchange,
2026-09-18,22:38:25,71,81101.0,Check Exchange,,2620.15,Check Exchange,,113.16,Check Exchange,
2026-09-19,07:18:56,71,81330.0,Check Exchange,,2642.35,Check Exchange,,111.83,Check Exchange,
2026-09-19,13:14:40,71,81387.0,Check Exchange,,2639.36,Check Exchange,,111.05,Check Exchange,
2026-09-19,22:54:28,71,80449.0,Check Exchange,,2585.72,Check Exchange,,108.83,Check Exchange,
2026-09-20,07:53:48,71,80356.0,Check Exchange,,2575.59,Check Exchange,,108.3,Check Exchange,
2026-09-20,13:20:07,71,81182.0,Check Exchange,,2631.97,Check Exchange,,109.99,Check Exchange,
2026-09-20,22:51:35,70,81464.0,Check Exchange,,2665.87,Check Exchange,,111.7,Check Exchange,
2026-09-21,09:53:41,70,85984.0,Check Exchange,,2749.51,Check Exchange,,118.58,Check Exchange,
2026-09-21,15:08:39,70,86634.0,Check Exchange,,2767.42,Check Exchange,,118.33,Check Exchange,
2026-09-21,22:48:33,78,85487.0,Check Exchange,,2734.22,Check Exchange,,116.71,Check Exchange,
2026-09-22,08:09:37,78,86154.0,Check Exchange,,2761.16,Check Exchange,,117.64,Check Exchange,
2026-09-22,14:18:32,78,86535.0,Check Exchange,,2758.47,Check Exchange,,118.31,Check Exchange,
2026-09-22,22:47:10,71,86856.0,Check Exchange,,2781.73,Check Exchange,,119.56,Check Exchange,
2026-09-23,08:24:37,71,85430.0,Check Exchange,,2711.46,Check Exchange,,116.5,Check Exchange,
2026-09-23,14:15:52,71,84327.0,Check Exchange,,2666.86,Check Exchange,,114.16,Check Exchange,
2026-09-23,22:38:56,71,83974.0,Check Exchange,,2674.68,Check Exchange,,114.68,Check Exchange,
2026-09-24,08:18:44,71,83744.0,Check Exchange,,2656.48,Check Exchange,,114.26,Check Exchange,
2026-09-24,14:32:15,71,84608.0,Check Exchange,,2696.01,Check Exchange,,117.63,Check Exchange,
2026-09-24,22:55:15,71,84162.0,Check Exchange,,2676.34,Check Exchange,,116.66,Check Exchange,
2026-09-25,08:18:53,71,84476.0,Check Exchange,,2717.37,Check Exchange,,120.86,Check Exchange,
2026-09-25,14:36:21,71,83999.0,Check Exchange,,2691.44,Check Exchange,,121.69,Check Exchange,
2026-09-25,23:00:04,74,83927.0,Check Exchange,,2687.42,Check Exchange,,120.61,Check Exchange,
2026-09-26,07:42:14,74,84082.0,Check Exchange,,2687.18,Check Exchange,,121.08,Check Exchange,
2026-09-26,13:45:19,74,84013.0,Check Exchange,,2685.26,Check Exchange,,121.16,Check Exchange,
2026-09-26,23:12:22,70,84416.0,Check Exchange,,2695.95,Check Exchange,,120.62,Check Exchange,
2026-09-27,08:34:20,70,85011.0,Check Exchange,,2710.8,Check Exchange,,123.37,Check Exchange,
2026-09-27,14:20:58,70,84812.0,Check Exchange,,2695.36,Check Exchange,,123.33,Check Exchange,
2026-09-27,23:13:49,74,83350.0,Check Exchange,,2652.6,Check Exchange,,119.7,Check Exchange,
2026-09-28,11:30:57,74,84089.0,Check Exchange,,2695.83,Check Exchange,,120.21,Check Exchange,
2026-09-28,16:25:50,74,83449.0,Check Exchange,,2681.07,Check Exchange,,118.38,Check Exchange,
2026-09-28,23:45:22,73,83139.0,Check Exchange,,2665.45,Check Exchange,,117.59,Check Exchange,
2026-09-29,09:40:02,73,,Check Exchange,,,Check Exchange,,,Check Exchange,
2026-09-29,15:16:40,73,,Check Exchange,,,Check Exchange,,,Check Exchange,
2026-09-29,23:30:53,71,83341.0,Check Exchange,,2672.66,Check Exchange,,119.38,Check Exchange,
2026-09-30,09:40:52,71,83582.0,Check Exchange,,2673.49,Check Exchange,,118.91,Check Exchange,
2026-09-30,15:21:26,71,83584.0,0.0055%,N/A,2674.53,0.0032%,N/A,117.61,-0.0045%,N/A
